:020000041000EA
:1000000000B5324B212058609868022188439860DF
:10001000D860186158612E4B002199600221596106
:100020000121F02299502B49196001219960352056
:1000300000F044F80222904214D00621196600F024
:1000400034F8196E01211966002018661A6600F04E
:100050002CF8196E196E196E052000F02FF8012189
:100060000842F9D1002199601B49196000215960AB
:100070001A491B48016001219960EB211966A021F2
:10008000196600F012F800219960164914480160C1
:100090000121996001BC002800D000471248134993
:1000A000086003C880F30888084703B5996A0420EC
:1000B0000142FBD001200142F8D103BD02B5186610
:1000C0001866FFF7F2FF186E186E02BD00000240BE
:1000D000000000180000070000035F00212200005C
:1000E000F4000018222000A00001001008ED00E03C
:1000F00000000000000000000000000074B24E7A12
:1001000000200420F7010010C3010010C5010010F9
:10011000C1010010C1010010C1010010C101001097
:10012000C1010010C1010010C1010010C701001081
:10013000C1010010C1010010C9010010CB01001065
:10014000CD010010CD010010CD010010CD01001037
:10015000CD010010CD010010CD010010CD01001027
:10016000CD010010CD010010CD010010CD01001017
:10017000CD010010CD010010CD010010CD01001007
:10018000CD010010CD010010CD010010CD010010F7
:10019000CD010010CD010010CD010010CD010010E7
:1001A000CD010010CD010010CD010010CD010010D7
:1001B000CD010010CD010010CD010010CD010010C7
:1001C00000BE00BE00BE00BE00BE00BEEFF3058054
:1001D000103800BEF2EB88712C0500104C050010A1
:1001E0003802001090A31AE721482249086006C887
:1001F00081F30888104720480068002801D01C4877
:10020000F3E70DA40ECC002902D000F012F8F9E7B4
:100210001A491B4A002000E001C19142FCD1194952
:100220008847194988471949884700BEFDE701C931
:1002300001C29A42FBD370474C050010C000002059
:1002400064380120F03C0110703801201879012039
:10025000987D01100000042000000420987D01100A
:10026000001004200010042000000000704700006F
:100270000000000008ED00E0000000D01879012027
:10028000D0B00120816B002051100020796B00203C
:1002900009020110B0B0A800FF100D010402060809
:1002A0000101000000000000F1010110B0AA0100EE
:1002B000FF10290118323400007204AA01037C2EB9
:1002C0000000C60118EE0100E8010E000002000166
:1002D0007D00000000000000C45501108001018174
:1002E000B0B0AB1000000000B1010110B0B0AA0026
:1002F000FFFF0100A5010110F0801401B0B0B0AB08
:10030000FF1015010B2696080000FE080482090163
:10031000010000000000000081010110F0800401D4
:10032000B0B0B0ABFF101D0113320440013C0456C5
:1003300001840146D00100D8010400000100000042
:100340000000000076B20181B0AB308000000000F8
:10035000800A0181B0B0ABF0000000003F020181D3
:10036000B0AB30800000000080040181B0B0ABF081
:040370000000000089
:10037400408E0010B0B0A880708E00100100000004
:10038400DC8E0010B0AB02800C8F0010B0AB048088
:100394008C8F0010AB08B180A88F00100100000002
:1003A400D88F0010B0A90480049000100100000050
:1003B4009C900010AB08B180B890001001000000C0
:1003C4000C920010C8FEFF7F149200100100000080
:1003D4001C920010B0B0A8802C9200100100000004
:1003E4003C920010B0B0A880689200100100000098
:1003F400AC920010B0B0AA80D8920010B0B0A8801F
:1004040040930010A0FEFF7F4C94001001000000F8
:10041400ECFB0010C4FEFF7FA0FC001001000000F4
:1004240068FD0010C0FEFF7FD4FD0010B0B0A880AE
:100434005CFE00100100000084FE0010AB708080A0
:1004440080FF0010B0B0A880B8FF0010AB08B180E6
:10045400440001109CFEFF7FC8040110010000004D
:100464004C050110B0FEFF7F2C06011001000000B6
:10047400DC060110B0A9028060070110B0B0A880AA
:10048400B007011001000000B8070110B0B0AA8045
:10049400E8070110ACFEFF7FA8080110AA3F3980CD
:1004A400F0080110B0B0A880FC080110B0B0AA8018
:1004B40038090110B0B0A8804C09011001000000F7
:1004C40048090110B0B0A8805009011001000000D3
:1004D400000A0110AA0FB280640A011070FEFF7FA7
:1004E400380D0110B0B0A880540D01106CFEFF7FD0
:1004F400001001100100000070110110008404803C
:1005040080110110B0B0A8808011011058FEFF7F47
:10051400781401100084048098140110B0B0A880ED
:08052400B014011001000000F9
:10052C00A0530120AC530120B8530120C453012027
:10053C00D0530120DC530120E85301204457012003
:10054C00F8B5C04606480749091A8B10C90FC918D7
:10055C0010B5491003D0044B002B00D0984710BDA8
:10056C00187901201879012000000000054B10B506
:10057C00002B03D00449054800E000BFFFF7E2FF61
:10058C0010BDC0460000000088B001206438012076
:10059C00A423082170B5FF24124A1348D150134AE2
:1005AC000168136815685B1AA343491BC9180160DD
:1005BC000F481B0A01681B044B401B0C0D490E4EC7
:1005CC001B040B603568536852685B1BA343AD1A60
:1005DC00ED18356002681B021B0C53401B041B0CEE
:1005EC000B6070BD000005408CA4012094720120AA
:1005FC00480005404810054090A40120F0B5502358
:10060C0087B017266A460405240F1C436E44AF338B
:10061C0093750D00307003F033FB00231C4A1D4F03
:10062C0012184B41802109068B4202D301221A4B2E
:10063C0052420292039300233200009321003800AF
:10064C00013308F03FFE00281CDD03F019FB0023EA
:10065C000F4A12184B41802109068B4202D301220A
:10066C000D4B524202920393002316220093210059
:10067C00380001336A4408F049FE002802DD6B465D
:10068C00987D02E0012300202B7007B0F0BDC0461E
:10069C001027000060730120FFFFFF7F70B508F08A
:1006AC00A3FF0E4D280008F0C5FF0D4C00280ED1FD
:1006BC000C4B1C60186808F011FF8D2301225B00A5
:1006CC00E254094B20001C6013F012FB70BD20009B
:1006DC0000F05EFF280008F0C9FFE9E74084012024
:1006EC00187901204494012048A4012010B5024B34
:1006FC00186813F0F3FB10BD48A4012070B5D02688
:10070C00012501220021072003F018FE01220021FF
:10071C00062003F013FE012200210520360603F00B
:10072C000DFE0120002103F0D3F972687468736820
:10073C00A4095B092C402B401B01A4001C43D309CA
:10074C002B400022012107201C4303F0F7FD00225F
:10075C000121062003F0F2FD00220121052003F007
:10076C00EDFD0120002103F0B3F972687368D20922
:10077C002A409B09716852002B401443DB001C4338
:10078C004B092B405B010122002107201C4303F085
:10079C00D5FD01220021062003F0D0FD012200210D
:1007AC00052003F0CBFD2A2C05D0302C03D0FF20E4
:1007BC000C2C00D070BDE0B2FCE7C046F0B54E4644
:1007CC00DE465746454603008C46E0B563441B792C
:1007DC0085B0994601900291002B00D135E28046FC
:1007EC008B00039363441B01984444460C20205611
:1007FC0004F0EEFEE84904F0B4FE071CA06804F017
:10080C00E7FE00218246381C04F094FE0021041CF3
:10081C00504604F08FFE391C051C381C04F0A1FE58
:10082C00002104F087FE391C061C504604F099FE8A
:10083C00002104F07FFE4A46071C012A00D1A5E1E5
:10084C0042461420105604F0C3FED34904F089FE2E
:10085C0042468246106904F0BBFE51468346201C7A
:10086C0004F068FE5946041C281C04F063FE514633
:10087C00051C504604F075FE011C301C04F05AFE99
:10088C005146061C584604F06CFE011C381C04F042
:10089C0051FE4A46071C022A00D177E142461C2031
:1008AC00105604F095FEBC4904F05BFE42468246AD
:1008BC00906904F08DFE51468346201C04F03AFEEC
:1008CC005946041C281C04F035FE5146051C5046A4
:1008DC0004F047FE011C301C04F02CFE5146061C93
:1008EC00584604F03EFE011C381C04F023FE4A4618
:1008FC00071C032A00D149E142460020243210563D
:10090C0004F066FEA44904F02CFE42468246106AAE
:10091C0004F05EFE51468346201C04F00BFE594643
:10092C00041C281C04F006FE5146051C504604F01D
:10093C0018FE011C301C04F0FDFD5946061C5046E7
:10094C0004F00FFE011C381C04F0F4FD4A46071C91
:10095C00042A00D11AE1424600202C32105604F031
:10096C0037FE8D4904F0FDFD42468246906A04F044
:10097C002FFE51468346201C04F0DCFD5946041C16
:10098C00281C04F0D7FD5146051C504604F0E9FD27
:10099C00011C301C04F0CEFD5946061C504604F0D8
:1009AC00E0FD011C381C04F0C5FD4A46071C052A55
:1009BC0000D1EBE0424600203432105604F008FE21
:1009CC00754904F0CEFD42468246106B04F000FEE1
:1009DC0051468346201C04F0ADFD5946041C281CCE
:1009EC0004F0A8FD5146051C504604F0BAFD011C4C
:1009FC00301C04F09FFD5946061C504604F0B1FD16
:100A0C00011C381C04F096FD4A46071C062A00D12E
:100A1C00BCE0424600203C32105604F0D9FD5E4941
:100A2C0004F09FFD42468246906B04F0D1FD514686
:100A3C008346201C04F07EFD5946041C281C04F03F
:100A4C0079FD5146051C504604F08BFD011C301CF1
:100A5C0004F070FD5946061C504604F082FD011C42
:100A6C00381C04F067FD4A46071C072A00D18DE0AC
:100A7C00424600204432105604F0AAFD464904F0C8
:100A8C0070FD42468246106C04F0A2FD514683462E
:100A9C00201C04F04FFD5946041C281C04F04AFD90
:100AAC005146051C504604F05CFD011C301C04F042
:100ABC0041FD5946061C504604F053FD011C381CE0
:100ACC0004F038FD4A46071C082A5FD04246002035
:100ADC004C32105604F07CFD2F4904F042FD424686
:100AEC008246906C04F074FD51468046201C04F044
:100AFC0021FD4146041C281C04F01CFD5146051C1C
:100B0C00504604F02EFD011C301C04F013FD414630
:100B1C00061C504604F025FD011C381C04F00AFD8F
:100B2C004A46071C092A31D00298019A84469046FD
:100B3C00039B63441B01984442465423D05604F053
:100B4C0047FD154904F00DFD43468246186D04F02F
:100B5C003FFD51468046201C04F0ECFC4146041C31
:100B6C00281C04F0E7FC5146051C504604F0F9FC27
:100B7C00011C301C04F0DEFC4146061C504604F0FF
:100B8C00F0FC011C381C04F0D5FC071C211C201C9B
:100B9C0004F0E7FC804601E0CDCCCC3D484604F0A7
:100BAC0017FD311C814604F0DCFC414604F0BFFC0F
:100BBC000021061C04F004FD002842D1391C4846D3
:100BCC0004F0CFFC211C071C281C04F0CAFC011CDF
:100BDC00381C04F0ACFC311C04F0AFFC1E49071CA3
:100BEC0004F0BFFCFC21890504F0A4FC04F012FD08
:100BFC008046029B391C1E01019B201C9C466644AE
:100C0C003300A8331F6004F0ACFC011C281C04F05A
:100C1C008EFC494604F091FC3300AC33424618601C
:100C2C00FC21B0238905F25004F084FC04F0F2FCA2
:100C3C00B423F05005B0F0BCBB46B246A946A04662
:100C4C00F0BD002300279846D3E7002398461F1CCD
:100C5C001E1C1D1C1C1CA1E7ABAAAA3FF0B5DE464E
:100C6C0057464E4645460322E0B5002414268346DB
:100C7C0002719246E932914602737C4F7C4A7D4D5B
:100C8C009FB08260047500210761067785619046EC
:100C9C000590FFF793FD5A46534649465371593315
:100CAC00D154434693656423D4540833100017661B
:100CBC00EB39D6549566FFF781FD02AA02AB944638
:100CCC005C751523634419000020FFF797FC02AAFA
:100CDC00944615236344040019000120FFF78EFC91
:100CEC00654B240204439C4200D0B6E002AA944611
:100CFC00624A16249246FF2208AB99460025934679
:100D0C00002798465E4E64441FE002F0B9FF802332
:100D1C00801979411B06994202D30120594940425E
:100D2C00002302900391009322005021504601337E
:100D3C0008F0ECFA002826DD4A46237801351370BA
:100D4C0001239C46E144582D29D05B46237002AB0D
:100D5C00DD7502F095FF8023801979411B069942BD
:100D6C0002D30120474940420290039102A900237B
:100D7C008C4617220093502150460133624408F0F0
:100D8C00A1FA0028C1DC012302AA537500234A46AC
:100D9C00137001239C460135E144582DD5D108AC84
:100DAC00434639493948563428E049008AB209B2D9
:100DBC0000292FDB51008AB209B2002930DB520026
:100DCC0091B212B2002A31DB49008AB209B2002971
:100DDC0032DB520091B212B2002A33DB49008AB2E4
:100DEC0009B2002934DB520091B212B24900002A38
:100DFC0000DA4140013389B29C4249D01A78120280
:100E0C0051400AB2002AD0DA4A00424011B292B2E2
:100E1C000029CFDA5200424011B292B20029CEDA48
:100E2C00510041400AB289B2002ACDDA4A00424050
:100E3C0011B292B20029CCDA510041400AB289B207
:100E4C00002ACBDA4A00424011B292B20029CADA27
:100E5C00510041400AB289B2C8E701201FB0F0BC72
:100E6C00BB46B246A946A046F0BDC04650FC0300A6
:100E7C00344E050040A90200D10700006073012028
:100E8C0010270000FFFFFF7FFFFF00002110000074
:100E9C001820562302AA1218D35A5BBA9BB28B4263
:100EAC00DBD1059B00271D0004339846242399466B
:100EBC0009AC083511AE42462378D355002B00D12E
:100ECC009AE0A278E178120609040A4361790A4390
:100EDC00217909020A4361782A602971012B00D11A
:100EEC008AE0227AE179120409060A43A17A0A43BC
:100EFC00617A09020A43A179AA602973022B7BD07B
:100F0C00627B217B120409060A43E17B0A43A17B25
:100F1C0009020A43E17A2A612975032B6CD0627CA1
:100F2C00A17C120609040A43217D0A43E17C0902D3
:100F3C000A43217CAA612977042B5DD04846A27D07
:100F4C00E17D120609040A43617E0A43217E0902EF
:100F5C000A43617D29542A62052B4DD0E27E217F04
:100F6C00120609040A43A17FA07E0A43617F09028D
:100F7C000A432C216854AA62062B3DD03278717832
:100F8C00120609040A43F178E07F0A43B17809029A
:100F9C000A43342168542A63072B2DD07279B17916
:100FAC00120609040A43317A30790A43F1790902AD
:100FBC000A433C216854AA63082B1DD0B27AF17AFB
:100FCC00120609040A43717B707A0A43317B0902C9
:100FDC000A43442168542A64092B0DD0F37B327CDC
:100FEC001B0612041343B27CB17B1343727C1202B6
:100FFC0013434C22A954AB6439000598FFF7DEFB70
:10100C00293450352936002F01D1012753E7002010
:10101C0024E7C046F8B5DE464E4645465746E0B591
:10102C000700EC4B102203600021D83004F0D4FBF5
:10103C000023E8223800BB520232BB520021E23AB4
:10104C00EC3004F0C9FB8023F4221B01BB520232AA
:10105C000024BB523800F8230021FC54DE3AFC304B
:10106C0004F0BAFB3800153006220021FF3004F0E2
:10107C00B3FBA5235B00FC541E230822FF33FC5456
:10108C00D54B00251A60E022D44BD2011B680126F7
:10109C001340D34A13608D235B00FC54063BFC5475
:1010AC001623FF33FC540133FC541823FF33FC5438
:1010BC000133FC541A23FF33FC54CA4CA31D99462C
:1010CC00C94B9846237804219A46180003F01CF962
:1010DC0053460421581C03F017F9534652465B083B
:1010EC001F2A00D9C9E107221A4093009B18BF4957
:1010FC00BF4A9B009A18591815600D60BD495918C4
:10110C000D60BD498C464146634419601023536001
:10111C001660227801321F2A00DDAAE11207520F55
:10112C0093009B18B149B24A9B009A185918156044
:10113C000D60B04959180D60AF498C464146634467
:10114C00196010235360166023781F2B00D975E1AA
:10115C0007225908114088004018A64993468C462E
:10116C003100A64A19404942800011409E4A8444ED
:10117C0092466246126851441140A14A944660441A
:10118C000160591C1F2B00D186E15A464B081A40AE
:10119C0093009B18974A9B009A1812680E4200D035
:1011AC0014E11204120C964902348C4663441A6002
:1011BC00A14587D108F0CEF81F211B2003F0A4F81D
:1011CC00002200211B2003F0B9F800211B2003F0A2
:1011DC00C9F81F211A2003F097F8002200211A20C9
:1011EC0003F0ACF800211A2003F0BCF81F211C20DE
:1011FC0003F08AF8002200211C2003F09FF8002144
:10120C001C2003F0AFF81F211D2003F07DF80022F5
:10121C0000211D2003F092F800211D2003F0A2F8FC
:10122C00182003F0B3F8192003F0B0F8D024802371
:10123C0024065B04636280239B046362082003F032
:10124C00A5F880235B0063620920636103F09EF8BC
:10125C0080239B0063620220636103F097F80423F0
:10126C000022A3620121022003F068F8032003F09E
:10127C008DF808230226634DA3620022012103206E
:10128C0003F05CF82800604908F080F85F4A6B684E
:10129C0016600F22296833405140C0320A405C4925
:1012AC0012200A605B4A0121136003F02DF8012122
:1012BC00132003F029F80121152003F025F804214F
:1012CC00172003F021F80421162003F01DF8102537
:1012DC0000220120464B5049DA635A649A64D9645F
:1012EC001D64D863DA635A649A64D9641D64D86344
:1012FC0080234A49DB040A68804653401B0C484A49
:10130C001B04136080230968DB004B401B041B0C7F
:10131C001360063003F03AF8062003F037F8052086
:10132C0003F034F88023A362403BA362203BA3620A
:10133C00142003F02BF800220021142002F0FEFFF1
:10134C00042003F023F865623649A561364807F09E
:10135C008FFF0321102002F0D7FF0321112002F090
:10136C00D3FF002003F012F843460120636203F020
:10137C000DF866623800FFF7C1F9D023F854380035
:10138C00FFF76CFC434258418F235B00F854563BEB
:10139C009846B844404601F077FF4346234C244D11
:1013AC00123618685968234A234B04F0A3F8013EFF
:1013BC0000196941002EF6D1434618605960380077
:1013CC00F0BCBB46B246A946A046F8BD120C1204AE
:1013DC00E9E6C0469050012000F0044000C00440F3
:1013EC0000D0044094500120FFFF0000080005408D
:1013FC00000005400C000540100005400100FEFFF8
:10140C000C10054000C00340286BEE0004F00340B4
:10141C0000D0034004E00340FF07000048000540F3
:10142C0048100540A0860100607301204F8167F7CA
:10143C007E7B05142D7F954C2DF451585A07920F35
:10144C00083291008A189000144A944684441E4233
:10145C0017D0591C63461B680A001B0C1B049A46C8
:10146C000F4B9C465346604403605207920F083260
:10147C008EE65207920F083252E603221A400832C7
:10148C0033E662461168064A09049446090C604426
:10149C000160591C0A00E8E72022E6E70C00054031
:1014AC000C100540B02312018218D0583C39484327
:1014BC000433D3580011C018C343DB1718408023E2
:1014CC001B03984200DB01487047C046FFFF070032
:1014DC00F0B5C64600B505F027FF0A2002F00CFB5C
:1014EC000021002007F0CCF9264808F051F8D02153
:1014FC00012209060B6D1A42FCD107F0F9FF224BB1
:10150C00FA2498461860002502F0BAFBA400802348
:10151C0024184D411B069D4202D301241B4D6442ED
:10152C000A2002F0E9FA43461E68186800F04EFAE9
:10153C000100300000F060FF03E04346186800F043
:10154C00FDFD4346186800F041FA0028F5D1FA2653
:10155C000027B6004346186800F0EEFF012000217A
:10156C00404206F0F7F82000290002F045FAA419D1
:10157C007D4180231B06AB42ECD80124034D644211
:10158C00E8E7C0461D02002044940120FFFFFF7FC6
:10159C00F8B5DE4657464E4645460400E0B5FFF723
:1015AC0039FD704B00252360A6235B00E5501C33EE
:1015BC00E550E71878337B6099466B4BFD60BB6058
:1015CC0000239846BE235B003D61E5526D3BFF3B1B
:1015DC003B629A462200654B8D321E00BD61FD6157
:1015EC00FF329C460BCE0BC2100032685346026091
:1015FC00B288042182802200A132FF32FB86117056
:10160C00D4225200FD63A55022004146AD32FF3278
:10161C001170F0221206BA64554A3021FA64DC22A9
:10162C005200A618A1500C327560B560A5504A4600
:10163C003261813AFF3A7261B2618532FF32F561F3
:10164C0035627562B562A55022004146E932FF321F
:10165C001170FA22474952007563B563A1502100FD
:10166C006246F931FF31143209CA09C1424A634654
:10167C00116880229200A15040490432A1500432DA
:10168C00A2181C33B34643CB43C21B8808211380DA
:10169C00C8239A46A24453461A6886239B00E01836
:1016AC0001F0B0FC53461A68AA239B000821520093
:1016BC00E01801F0A7FC53461B6808215A00D21809
:1016CC00CE239B00E01801F09DFC53461A68F223D0
:1016DC009B0008219200E01801F094FC53461B6813
:1016EC0008219A00D2188B23DB00E01801F08AFC49
:1016FC0053461B6808215A00D2189D23DB00520068
:10170C00E01801F07FFCAF231D4ADB00E252962269
:10171C001C4BD200E2524A461B4B0020E5520433CC
:10172C00E5501A4B0021E2504246194BE2548022FC
:10173C00184B5200E2520633E31818605960B42378
:10174C004246DB00E552144B5846E25421003A0065
:10175C0001F0C6FA2000F0BCBB46B246A946A04632
:10176C00F8BDC046C050012080320200C450012098
:10177C0080BB00000009000830510120450605001F
:10178C00FF0F00007A0500007C05000084050000B6
:10179C009105000092050000A20700001C2370B503
:1017AC0004009622FF33C05C253BE35A01211BB297
:1017BC005200934203DC104A0021934218DAA6230C
:1017CC005B00E358CA00521A9B185D7A1E7ACE232E
:1017DC009B002A00E0183021330001F0C1FCF223F9
:1017EC009B002A00E0183021330001F0B9FC70BDD9
:1017FC00023841424141E2E7D4FEFFFF1C2396220E
:10180C0010B5FF33C45C253BC35A01211BB25200F7
:10181C00934203DC1D4A002193420FDAA6230400F5
:10182C005B00C358CA00521A9B189B7AB934FF3418
:10183C00062B07D8164A9B00D3589F46023C6142A0
:10184C006141EBE70121200001F094FB0021200015
:10185C0001F0C0FB10BD2000322101F08BFB1E21DA
:10186C00200001F0B7FBF5E71921ECE73221EAE79C
:10187C004B21E8E76321E6E720000F2101F07AFB1A
:10188C000C21200001F0A6FBE4E7C046D4FEFFFFCC
:10189C009C500120014BC1547047C046910500007B
:1018AC00014BC1547047C04692050000A6235B0053
:1018BC00C2581C2370B59625FF33C65C253BC35A12
:1018CC0004001BB201206D00AB4203DC144D002060
:1018DC00AB4221DAC3001B1AD3181B7B002B12D08E
:1018EC00002909D1D023802200201B0652005A6106
:1018FC0001220C4BE25470BDCE239B00E01801F08A
:10190C0011FC012101400029ECD0D02380221B06C0
:10191C00520008009A61EBE7023E70427041D9E731
:10192C00D4FEFFFFA1050000A6235B00C2581C23B8
:10193C0070B59625FF33C65C253BC35A04001BB219
:10194C0001206D00AB4203DC144D0020AB4221DAC8
:10195C00C3001B1AD3185B7B002B12D0002909D1B2
:10196C00D023802200201B0692005A6101220C4BCE
:10197C00E25470BDF2239B00E01801F0D3FB01216F
:10198C0001400029ECD0D02380221B0692000800D5
:10199C009A61EBE7023E70427041D9E7D4FEFFFF3B
:1019AC00A10500008C235B00C05CC0B27047C04630
:1019BC001A23FF33C05CC0B27047C046DC23C0584A
:1019CC0080B27047E023C05880B270471C23FF33AD
:1019DC00C05C43425841C0B27047C0461C2310B58E
:1019EC009624FF33C15C253BC35A01221BB2640011
:1019FC00A34203DC0B4C0022A34207DAB423DB0026
:101A0C00C15C91420BD0C254012010BD02394B4233
:101A1C005941B423DB00CAB2C15C9142F3D100201E
:101A2C00F3E7C046D4FEFFFF10B56930FF3001F07C
:101A3C0085F810BD1C2370B504009622FF33C05CE2
:101A4C00253BE35A01211BB25200934203DC144A9A
:101A5C000021934220DAA6235B00E358CA00521AF5
:101A6C009B18DD7ACE239B00E01801F05FFBAA23C4
:101A7C00013D45199B002900E01801F055FBF223AC
:101A8C009B002900E01801F04FFB9D23DB0029008F
:101A9C00E01801F049FB70BD023841424141DAE7E0
:101AAC00D4FEFFFF8623F0B5C6469B009846AF25B3
:101ABC00D82600B5ED00804404008159425B4046B5
:101ACC0001F0EEFACE239B00E7183800A159625BB7
:101ADC0001F0E6FA8B23DB00A159625BE01801F000
:101AEC00DFFA404601F01EFBB4239B009C46604489
:101AFC00400020184288FF3BFF3BE252380001F0C7
:101B0C001FFB064B0022E15C4118C9B22000FFF715
:101B1C00C9FC034B186080BCB846F0BDA20700009E
:101B2C0094720120AA23F0B5C6469B009846AF25B7
:101B3C00D82600B5ED00804404008159425B404634
:101B4C0001F0AEFAF2239B00E7183800A159625B52
:101B5C0001F0A6FA9D23DB00A159625BE01801F0AD
:101B6C009FFA404601F0DEFAB4239B009C46604489
:101B7C00400020184288FD3BFF3BE252380001F048
:101B8C00DFFA064B0122E15C4118C9B22000FFF7D5
:101B9C0089FC034B586080BCB846F0BDA20700001E
:101BAC009472012030B591B0050040220C006846BB
:101BBC004F4903F017FE00224E4BEA5402F060F836
:101BCC00B323DB009C46654428606960022C66D018
:101BDC00032C00D178E0042C00D177E0052C00D147
:101BEC0076E0062C00D175E0082C00D174E00C2CAA
:101BFC0000D173E0102C00D172E03F4B3F4A1B68C0
:101C0C001B041B0C136000233B4A3C491268120C4A
:101C1C0012040A601A0720D4394A3A49126812048D
:101C2C00120C0A605A0721D4354A36491268120C34
:101C3C0012040A609A0722D4334A344912681204F7
:101C4C00120C0A60DB0723D52F4B304A1B68DB4391
:101C5C001B0C1B04136011B030BD294A29491268B2
:101C6C00D2431204120C0A605A07DDD5244A2549C6
:101C7C001268D243120C12040A609A07DCD5224A6D
:101C8C0022491268D2431204120C0A60DB07DBD41F
:101C9C001D4B1E4A1B681B0C1B041360DBE76B46B9
:101CAC001B799A061ED5144A14491268D2431204A1
:101CBC00120C0A60DA06A7D50F4A10491268D243F3
:101CCC00120C12040A60A5E702ABE9E704ABE7E7E4
:101CDC0006ABE5E708ABE3E70AABE1E70CABDFE704
:101CEC000EABDDE7044A0549126892B20A60E1E7DF
:101CFC00F050012093050000700005407010054065
:101D0C00840005408410054098000540981005405B
:101D1C001C2370B504009622FF33C05C253BE35AAC
:101D2C000D001BB201215200934203DC1E4A00211C
:101D3C00934234DAA6235B00E358CA00521A9B186C
:101D4C00DE7A86239B002900E01801F0EDF9AA2326
:101D5C00013EAE199B003100E01801F0E5F9CE23ED
:101D6C009B002900E01801F0DFF9F2239B00310001
:101D7C00E01801F0D9F98B23DB002900E01801F001
:101D8C00D3F99D23DB00E018310001F0CDF92900D7
:101D9C002000FFF707FF2000FFF730FD70BD023871
:101DAC0041424141C6E7C046D4FEFFFF70B5354BFA
:101DBC000400C35C012B11D0002B00D070BD01F0CE
:101DCC005FFFB323DB00E3181A685B68801A994144
:101DDC00002953D001222B4BE254EFE786239B00C2
:101DEC00C01801F09FF9000180B24043264E031247
:101DFC003268264D53401B041B0C2B60AA239B00FE
:101E0C00E01801F08FF9000180B240433268030200
:101E1C0053401B0C1B042B60CE239B00E01801F0DD
:101E2C0081F9000180B24043194E03123268194DFA
:101E3C0053401B041B0C2B60F2239B00E01801F099
:101E4C0071F9000180B240433268030253401B0C0D
:101E5C001B042B60104B1149E35C0A685B42534036
:101E6C001B040F4A1B0C13600E4B0968E35C5B42AE
:101E7C001B044B401B0C1B0413609FE70A4B98423E
:101E8C009CD9A7E793050000700005407010054031
:101E9C008400054084100540910500009800054021
:101EAC00981005409205000060E31600F0B5474617
:101EBC00CE4680B58BB069469E4AA62300929E4AB8
:101ECC005B008A8003228A710121C3587F201F780E
:101EDC005956FA0907405878002901DA02210A43B9
:101EEC007F2101408C46022159569878002901DA4D
:101EFC0004210A437F26064003201856D97800286F
:101F0C0001DA082002437F200140042018561C7976
:101F1C00002800DAD7E07F2004405879804605205D
:101F2C001856002800DAD1E040467F250540987904
:101F3C00814606201856002800DACAE06846C271AD
:101F4C0007726A466046D17250727F21484608403B
:101F5C009672147355739073D8791C7AC209014028
:101F6C0008201856002801DA022002437F20204066
:101F7C008446092018565C7A002800DAACE07F27EA
:101F8C0027400A241C57987A002C00DAAEE07F24F4
:101F9C0020400B241C57DD7A002C00DAB4E07F249F
:101FAC0025401C7BA0460C241C57002C00DAAEE00C
:101FBC0044467F2626405C7BA1460D241C57002CF2
:101FCC0000DAA7E06C4621746146E2736174A77471
:101FDC00E074257566757F214C466A460C409475F5
:101FEC009D7BD87BEA090D400F215956002900DA58
:101FFC0087E07F2101408C4610215956187C00291E
:10200C0000DA8AE011247F211C570140587C002CF7
:10201C0000DA8CE07F24204012241C579E7C002C7C
:10202C0001DA102422437F242640DC7CA0461324B2
:10203C001C57002C01DA2024224344467F272740DA
:10204C001C7DA14614241C57002C01DA4024224389
:10205C006C46E27525766A466446917654767F2105
:10206C004C460C40D076167757779477587D9C7DEC
:10207C00C209014016201856002801DA022002433A
:10208C007F202040DC7DDB7D5BB2002B01DA04235A
:10209C001A436B46DA776A462023D15401336946DA
:1020AC00D05422225E3323408B542323D532CA547E
:1020BC0000206A460021013306F08CF90BB0C0BC3D
:1020CC00B946B046F0BD1020024324E7202002435D
:1020DC002AE74020024331E77F2727400A240420C7
:1020EC001C570243987A002C00DB50E7082422434B
:1020FC007F2420400B241C57DD7A002C00DB4EE79C
:10210C0002E002210A4374E71024224347E720240B
:10211C0022434DE74024224354E7042111240A436F
:10212C007F211C570140587C002C00DB72E70824EF
:10213C0022436FE7F07D03020105000070B5224DCC
:10214C0006212878214C43005840C0B202F0B6FB5F
:10215C000122C9B2635C59081A401F2B1CD80723F3
:10216C000B409C00E4181A4BA400E618002A1DD161
:10217C0033688022DB4352011B041B0CB418236010
:10218C000021144801F0A4FC134B32681340236067
:10219C002B7801332B7070BD03230B4008339C004C
:1021AC00E4180B4BA400E618002AE1D00B4B0021DD
:1021BC009C4633686444DB431B0C1B0423600548BA
:1021CC0001F086FC064BE0E7C6B0012094500120DC
:1021DC000C000540204E0000FFFF00000C100540D5
:1021EC000000FFFFF0B5354B85B0009386239B00B4
:1021FC00C5180400280000F095FF6B46C009187143
:10220C00280000F08FFF7F256B4628405871AA23C9
:10221C009B00E618300000F085FF6B46C0099871F2
:10222C00300000F07FFF6B462840D871CE239B0016
:10223C00E618300000F076FF6B46C00918723000CB
:10224C0000F070FF6B4628405872F2239B00E71891
:10225C00380000F067FF6B46C0099872380000F038
:10226C0061FF6B460540DD72D8236A46E358962021
:10227C005B1113731C23FF33E15C253BE35A0122F2
:10228C001BB24000834203DC0D480022834210DA6B
:10229C006B4630005A7300F049FF6B466A469873E0
:1022AC00F7230021D3730020E73B06F093F805B029
:1022BC00F0BD02394B425941CAB2E9E7F07D031037
:1022CC00D4FEFFFF70B5040002292DD017D80029C9
:1022DC004FD0324B80269C460025644436032800A0
:1022EC00FF2102F0C3FA2E4B9C4680231B01604455
:1022FC009C46654420800234B542F0D170BD032960
:10230C0023D1264B80269C4600256444F6022800E7
:10231C00FF2102F0ABFA8023DB009C466544208051
:10232C000234B542F3D1E9E71C4B00259C461D4E07
:10233C0064442800FF2102F099FA1B4B20809C4634
:10234C0065440234B542F4D1D8E7144B00259C46C1
:10235C00164E64442800FF2102F088FA144B9C4668
:10236C00144B60449C46654420800234B542F1D144
:10237C00C4E70A4B00259C460C4E64442800FF2100
:10238C0002F074FA0A4B9C460A4B60449C46654426
:10239C0020800234B542F1D1B0E7C046A20500005E
:1023AC0000FCFFFF00FF0700FF07000000FF0F000D
:1023BC0000F8FFFFFF0F00001C239622FF3310B51F
:1023CC00C45C253BC35A01211BB25200934203DC6F
:1023DC00084A0021934209DAA6235B00C358CA00BD
:1023EC00521A9B18997BFFF76DFF10BD023C61429E
:1023FC006141F1E7D4FEFFFF8023F0B5C6469B0098
:10240C00C518040000B5280000F034FC280000F0CA
:10241C0065FCA6235B00E05082882000444B6930A9
:10242C00E252E15AFF3089B200F0C2FB1C23962223
:10243C00FF33E05C253BE35A01211BB2520093426F
:10244C0004DC3C4A0021934200DB6CE0A6235B00D9
:10245C00E358CA00521A9B185D7A1B7A2A009846D8
:10246C00CE239B00E71830214346380000F078FE5D
:10247C00F2239B00E6182A0043463021300000F07E
:10248C006FFE2000FFF7BAF91C239622FF33E05CA5
:10249C00253BE35A01211BB25200934203DC254A2F
:1024AC00002193423BDAA6235B00CA00E358521A80
:1024BC009B183800DD7A00F039FEAA23013D45193E
:1024CC009B00E018290000F02FFE2900300000F0DE
:1024DC002BFE9D23DB00E018290000F025FE1C23B9
:1024EC009622FF33E05C253BE35A01211BB25200DC
:1024FC00934203DC0F4A002193420CDAA6235B00C3
:10250C00E358CA00521A9B182000997BFFF7DAFE99
:10251C0080BCB846F0BD023841424141EEE702387A
:10252C0041424141BFE70238414241418EE7C0463A
:10253C007A050000D4FEFFFFF0B557464E464546DF
:10254C00DE46E0B5C14D07006B1E994689B00021EF
:10255C00002005F09BFE002800D1D8E080232A0043
:10256C000021002005F0A4FE0428F0D92B78F02BD4
:10257C00EDD14B461B5CF72BE9D16B787D2BE6D16B
:10258C00AB78032BE3D1EB78012B00D1C8E1032B03
:10259C00DDD1002314220021441F03A8029303F071
:1025AC001BF980214942002200238C46A846A848EA
:1025BC0001979C4200D8BAE15E1CB44200D8C2E13B
:1025CC000127C15C865D9D1C0F4202D067463E43CD
:1025DC00F6B2571CBA4602AFBE54AC4200D8B4E1B6
:1025EC005646182E76D0DE1CB346465D02250D42AB
:1025FC0002D065462E43F6B2951C0095554602AFA7
:10260C007E555C4500D88FE1951C182D62D01D1DA0
:10261C00AA465D46465D04250D4202D065462E4312
:10262C00F6B2D51CAB46971C02ADEE55544500D8FE
:10263C0080E15D46182D4DD05D1D0095082755464F
:10264C00455D0F4202D066463543EDB25E46171D1E
:10265C00BA4602AFBD555E1DB44200D878E155466E
:10266C00182D37D09D1DAB46855D10260E4202D02D
:10267C0066463543EDB2561D0096564602AFBD5523
:10268C005C4500D850E1551D182D23D0DD1DAA4600
:10269C0020265D46455D0E4202D066463543EDB2BE
:1026AC00961DB346571D02AEF555544500D841E171
:1026BC005D46182D0ED055460833455D490602D5AA
:1026CC0061460D43EDB25E4602A907328D55182ABC
:1026DC0000D06EE7A624019F640002A91822385985
:1026EC0003F080F85B4B4546FA5A3B599A8080239D
:1026FC009B00F81800F08CFA00213800FFF77CFEE4
:10270C000021002005F0C2FD002800D026E70400BF
:10271C0001F0B6FA0B0050490200785A002800D19B
:10272C00A2E0FA207D5A4001854200D39CE0494842
:10273C007E5A3D5AAE4200D196E0A6256D007E5AD7
:10274C007D59AE807D5AADB23D527C520C31791818
:10275C000A604B60B2230122DB00FA54FB5C3D00A3
:10276C00B935FF35280000F08DFB3800FFF71EFB54
:10277C008B23DB00F81800F0D5FC9D230400DB0054
:10278C00F81800F0CFFC21003C000200693428004E
:10279C0000F024FCFF343800FFF730F8200000F084
:1027AC00EBF9002805D08C235B00FB5C002B00D1DF
:1027BC00A6E01A23FF33FB5C002B00D18AE0182320
:1027CC00FF33FB5C0022002B33D0F023FB581BB2F1
:1027DC00002B2ED05B00172B00DCBCE05B2B00DC4D
:1027EC00BCE08E2B00DCBCE0BC2B00DCBCE0E62BA0
:1027FC0000DCBCE01932FF32934200DABAE030322E
:10280C00934200DAB9E03032934200DCB8E0343263
:10281C00934200DC91E03432934200DAB3E00F4A89
:10282C00934200DCB2E091210C2289008B4200DC47
:10283C0086E00B4B0B4CFA543B5D002B55D109B089
:10284C00F0BCBB46B246A946A046F0BD94A40120FC
:10285C0098A401207A0500007C05000012020000FB
:10286C00A2070000A10500004A49785A002809D0A7
:10287C00FA207C5A4001844222D2785A4649795A2D
:10288C0088421DD0B221C900795C002900D166E7CD
:10289C00B121C900791808684968121A8B411100D6
:1028AC00002B03D13D4B994200D858E780239B0065
:1028BC00F81800F0ADF9B2230022DB00FA544EE711
:1028CC00002034497852B221C900795C002900D12A
:1028DC0045E7DDE7200000F053F9002800D16EE752
:1028EC000021200000F044F969E7002005F0BEFC4F
:1028FC000028A4D03800FFF775FC00233B559EE759
:10290C002000002100F030F9A6235B00FB582000CA
:10291C009A88214BFA52F95A89B200F049F948E7E2
:10292C003800FFF7C3FA12E65B46009ACFE645463D
:10293C00019F0CE65A465346C9E60822D2B278E704
:10294C00013AD2B275E7330033E652462B00BEE6AD
:10295C005246009BBBE60022D2B26AE70122D2B2F9
:10296C0067E70222D2B264E70322D2B261E7042203
:10297C00D2B25EE70522D2B25BE70622D2B258E7AA
:10298C000722D2B255E70922D2B252E70A22D2B2BA
:10299C004FE7C0467C0500007A0500007F841E00CE
:1029AC0042181532FF32127803000020002A07D09B
:1029BC0002290CD005D800290DD0F622985A00B265
:1029CC0070470329FCD1F022985800B2F8E7EC22AA
:1029DC00985800B2F4E7F422985A00B2F0E7C046D7
:1029EC00F42370B51C4DC35A2A6804001BB2002A8C
:1029FC0001DD013A2A6019490878002804D11F2BFF
:102A0C0001DD002A05D070BD1F33FCDA00230B70EA
:102A1C00F9E701230B7086239B00E01800F088FB7C
:102A2C00AA239B00E01800F083FBCE239B00E01848
:102A3C0000F07EFBF2239B00E01800F079FB8B2367
:102A4C00DB00E01800F074FB9D23DB00E01800F0C5
:102A5C006FFB30232B60D6E714A50120C5B00120F5
:102A6C00C268036970B5D318934289414942017514
:102A7C00382115001E00C360415CC46B8D408E4034
:102A8C00B54201D90134C463C1690131C161016A24
:102A9C00A14206D940210024415C4475002906D18D
:102AAC0070BD00214024C163013101554175934231
:102ABC00F6D200234022C3638354F1E7007D7047B4
:102ACC00407D7047C0697047826910B50400002AC8
:102ADC0030D043688A1A934228D88368934225D30E
:102AEC008161002A28D000230020012101F024FF5D
:102AFC00020020614123E35C002B03D0E168A36C4E
:102B0C00994205D80121002321753F31E3606354BC
:102B1C00002A0DD000230021E06C02F0EBFC962281
:102B2C000023920002F0E6FC88B202E00023A361CD
:102B3C00002010BD8161FBE70269DBE71031490021
:102B4C0041188B880122036240234121C254415C0D
:102B5C0010B5002907D0C468816C8C4203D80021C1
:102B6C000275C160C15410BD4123C1547047C046A9
:102B7C004223C1547047C0464123C05C7047C046D5
:102B8C004223C05C7047C04643230122C2547047A5
:102B9C0044230122C2547047030043220021805C6D
:102BAC0099547047030044220021805C995470476B
:102BBC0010B5040000290ED0C26C93009B181801AC
:102BCC00C01AC00001F07AFE00230200012100208F
:102BDC0001F0B2FE206110BD006910B5002805D0CF
:102BEC00020000230020012101F0A6FE10BDC0460A
:102BFC000300006910B5002808D002001C6A0020F0
:102C0C000023012101F098FE0009604310BDC0466D
:102C1C00802270B50400134D13495201280002F0B4
:102C2C00E1FD1822290020000FF0B8FE002817D073
:102C3C000E4B802229001D001800520102F0D2FD1B
:102C4C0018222100280002F0CDFD802108484901FE
:102C5C0011F0D2FC802229000548520111F00CFD24
:102C6C0070BDC0464484012000F01F104894012020
:102C7C0000F01F0030B5040018220D0087B0134976
:102C8C0002F0B0FD124B22689A4201D1002D1AD0ED
:102C9C006B4600211122D81D02F09EFD0D4B02AA9D
:102CAC0023CB23C21B88694613806A46084B20003D
:102CBC000093094B938005239371162202F092FD29
:102CCC002000FFF7A5FF07B030BDC04600F01F1075
:102CDC00464E4F4334510120450600007047C04614
:102CEC00416082607047C04670B504008068FFF791
:102CFC00E5FE002800D08CE0A068FFF7E1FE00287C
:102D0C0000D07CE0A068FFF747FF002802D001222A
:102D1C00594B1A70A068FFF745FF002827D00123F4
:102D2C00564E574D33702B78002B28D0524E33789B
:102D3C00002B00D077E02E22A35C002B5AD0636AC4
:102D4C00013B6362002B55D1A35400216068FEF750
:102D5C00ADFD2C23E35C002B05D0E369013BE36163
:102D6C00002B00D181E02B78002B3FD121E0444D8A
:102D7C002B78002BDAD1414E3378002B19D001215E
:102D8C006068FEF7D1FD01006068FEF789FDA3695C
:102D9C002D22A36263696068236123620123A3541B
:102DAC000232A354FEF7BEFE002333702B78002BA7
:102DBC00C1D12F22A35C002B09D0A36A013BA362D3
:102DCC00002B04D100216068A354FEF7ADFD2D2229
:102DDC00A35C002B09D0236A013B2362002B04D196
:102DEC0000216068A354FEF75BFD2B780122534051
:102DFC002B7070BD2C23E35C002BAED1F5E7606823
:102E0C00FEF7D6FD002800D07CE701221B4B1A7080
:102E1C0078E76068FEF7C6FD002800D06CE7012259
:102E2C00154B1A7068E701216068FEF73FFD00281A
:102E3C000DD16068FEF736FE002333702B78002B23
:102E4C0099D02E22A35C002B00D078E7D2E7012189
:102E5C006068FEF71FFD63692C2263622361E361E6
:102E6C000123A3540232A354E3E72C22002160680F
:102E7C00A354FEF70FFD76E7C2B00120C3B00120CA
:102E8C00C4B00120F8B504004068FEF79BFD022198
:102E9C0005006068FFF784FD3D23E65C0700002E0B
:102EAC0048D03100324801F009FDED1901002DB276
:102EBC004008281801F002FD86422ED985B2C0B216
:102ECC0086422FD93C23E35CAB4231D16068FEF7DC
:102EDC0075FD3F23E65C0500002E3AD031002448F6
:102EEC0001F0ECFC01004008401901F0E7FC8642BF
:102EFC0011D93E26201840300578A35DAB4204D092
:102F0C0029006068FEF704FFA5556068FEF766FDB2
:102F1C00002820D1F8BD701EEBE7701E85B2C0B240
:102F2C008642CFD83C23013EE35CB5B2AB42CDD058
:102F3C00EDB200E0FF2529006068FEF775FD3C232B
:102F4C00E5546068FEF73AFD3F23E65C0500002E71
:102F5C00C4D10020CDE76068FEF720FC6068FEF766
:102F6C004DFC6068FEF766FD6068FFF725FAD1E757
:102F7C00FF0F000070B5466B04008E19642E00D94B
:102F8C006426A56B4D19642D00D96425A068FFF744
:102F9C0023FE32000023002102F0ACFAC8220023E9
:102FAC0001F0CAFC6061602800D260206061A068FA
:102FBC00FFF71EFE2A000023002102F09BFAC82214
:102FCC00002301F0B9FCA061602800D26020A06150
:102FDC0070BDC0463023C1547047C046302330B555
:102FEC00C55C803969430C00803A55434F33EA176E
:102FFC00C917194013405B190919C911DB11416339
:10300C00836330BD8C2310B50024C4520233C454E6
:10301C0041601449002A00D10A68134B5343134AE8
:10302C00944663440B605B080380114B3022836031
:10303C00104BC360104B0361104B4361104B836109
:10304C00104BC361104B0362104B4362104B8362F5
:10305C00104BC362104B0363104B43638823C25065
:10306C0010BDC0469C7201206D4EC6413930000027
:10307C00303132333435363738393A3B3C3D3E3FCC
:10308C00404142434445464748494A4B4C4D4E4FBC
:10309C00505152535455565758595A5B5C5D5E5FAC
:1030AC00F8B5561173000D000400D11A9A420AD0DB
:1030BC00194B1A481A685043194A944660441860D0
:1030CC00400801F0FBFB8E23E05C7118238800287C
:1030DC0001D18C22A352461C6268F6B2964218DAD1
:1030EC000230C0B21F00013A5B0017411BB2012233
:1030FC00A9420ADBBA4313439BB28E222380A0540D
:10310C00002E01D1023AA352F8BD3A4013439BB2B0
:10311C00F3E701200026E5E79C7201206D4EC641C5
:10312C0039300000007870474160704780887047E4
:10313C008C23C35A002203808E23C2547047C0468E
:10314C008823C258002A09D0037853431B129A4291
:10315C0002DDC018007A7047531EFAE70020FAE728
:10316C00F0B54546DE4657464E46E0B5904683B030
:10317C00062B36D81D4A9B009A5801921C4A9E5821
:10318C0088230022C2504346002B23DB8946002EA5
:10319C0020DD00239C4688339B460024019AA30023
:1031AC00D358CB187F2B08D85A465F4685586A1CD3
:1031BC004519C2512B727F2A0CDC0134B442EDD17B
:1031CC0001239A460B33D4449A46D144C44501DCBE
:1031DC004946E2E703B0F0BCBB46B246A946A0465E
:1031EC00F0BD044B0C260193CAE7C0466051012088
:1031FC00445101201052012000487047CC5201204C
:10320C00004870476452012070B5002822D0032872
:10321C0029D8164B8000C55828000FF0BBFFC0B250
:10322C00041C1F2814D8C026E4B2631CDBB25B005C
:10323C00B6001E43002808D000230D4AE95C013378
:10324C001180D9B202328C42F8D80A48068070BD7F
:10325C001F24E8E7C126054B02220548196802F035
:10326C00C1FAB600F1E70020F1E7C046A0720120D8
:10327C0082A8012080A8012010B5024800F004F8B3
:10328C0010BDC046B0B0012030B5002589B0040097
:10329C000922002101A8009502F09EFA09220021C2
:1032AC0005A8049502F098FA4B236A4668461370F9
:1032BC0004A90D2211F020FA1521082220006944DE
:1032CC0002F090FA09B030BD8023DB051868000FBE
:1032DC007047C0460FB400B5084883B004F006F838
:1032EC00049B002B07D005A91800019103F014FED4
:1032FC00034803F0FBFF012003F026FEE0520120FF
:10330C00B0590120EFF3108072B6034A1368002BFA
:10331C00FCD0BFF35F8F70472C0100D0BFF35F8FE1
:10332C000022024B1A6080F3108870472C0100D0E9
:10333C0070B5EFF3108C72B60D4D2B68002BFCD0D2
:10334C00BFF35F8F0724CB08C618C05C01230C4069
:10335C00A3401C000440034207D118433070BFF354
:10336C005F8F2C608CF3108870BD1000FFF7B2FFDC
:10337C002C0100D0F8B54746CE46884680B5EFF311
:10338C00108C72B6214D2C68002CFCD0BFF35F8FD3
:10339C009A422CD8D4080727055D0619012417403A
:1033AC00BC402C421FD007210127894609E0D408D4
:1033BC00055D06194C4639001440A1400C00294209
:1033CC0011D001329342F2D201204042BFF35F8F01
:1033DC0000220E4B1A608CF3108800280FDBC0BC47
:1033EC00B946B046F8BD254310003570EEE7BFF383
:1033FC005F8F00232B608CF31088012040424346E2
:10340C00002BECD00898FFF765FFC0462C0100D0CC
:10341C00044A1078431CDBB2172B00D9102313700D
:10342C007047C046B072012010B5064B064C82B0F6
:10343C000100009318221F232000FFF79BFF02B00E
:10344C0010BDC046F052012030AC01200021044BCD
:10345C00044ABFF35F8F02C39342FAD17047C04650
:10346C00000100D0800100D0142310B50100188891
:10347C0004331B88984710BD162310B5010018881B
:10348C0002331B88984710BDF8B54746CE4680B529
:10349C000F1E19D01423994604330400002501266D
:1034AC0098464B461888434621681B88984701C4A8
:1034BC00431E9841013540420640AF42F1D13000E5
:1034CC00C0BCB946B046F8BD0126F8E70A4B1968EE
:1034DC00EFF3108072B60A68002AFCD0BFF35F8F3E
:1034EC001B68BFF35F8F00221A6080F3108840BF07
:1034FC00002000217047C046BCB00120F0B5DE466C
:10350C0057464E464546E0B585B0EFF3058203239A
:10351C001340B54A9900575801229A408846934661
:10352C00B24B1A60B24B02935B46B248436308231A
:10353C00FE5E002E35DABB881BB2002B00DBA8E048
:10354C00BB79002B00D0E9E00823F85E00281EDBD5
:10355C0043007A691B18DB00D3189D68DC686B1C70
:10356C0000D108E1A34801004144826A0B69AE1AFC
:10357C009B1A9E4213D35A46036A1A420FD09D4897
:10358C0000F076FB8C4202DCCED18542CCD940BF18
:10359C0005B0F0BCBB46B246A946A046F0BD0D61D5
:1035AC00EDE77A69730091469B19DB0099444B4611
:1035BC009C68DD6800F05CFB8D42BCDC00D1FCE05B
:1035CC00002D00DAE1E04A464B4652691B699246EF
:1035DC00029A934200D1D2E04A460821785E528882
:1035EC000004514610439847009001910099019AAC
:1035FC000B001000134300D1C7E013000A00002891
:10360C0000DBDEE020002900801A99414B469860CF
:10361C00D96000229A5E002A00DA8CE753009C18CD
:10362C007D69E4002C190093A368E4689A468C42E7
:10363C0000DD80E702D1834200D97CE708239C4659
:10364C00BC443A8103976746009BB4463E000EE0AB
:10365C008C4200D1C3E01E000023F25E002A0BDB7B
:10366C0053009C18E4002C19A768E468BA469B1810
:10367C00DB00EB188C42EBDD330066469C464B4678
:10368C001A806346039F1E80BB881BB2002B00DA96
:10369C0056E73A69EFF3108172B61368002BFCD031
:1036AC00BFF35F8F0123BE885B42BB8036B23B69A0
:1036BC00BFF35F8F00221A6081F31088002E00DAAE
:1036CC003EE73B0008333A0099467D6973009B192D
:1036DC00DB00EB189968DC688C460820115E4846C4
:1036EC00002910DB009306E0A34240D00023F95ED2
:1036FC003800002906DB4F007F18FF00EF19FB682C
:10370C00A342F1DD009B068000201E5E1980002E76
:10371C00DCDA1700BB79002B00D115E70023BB7155
:10372C003D000823F95E08354B1C00D12FE77C695E
:10373C000800A44603E035004B1C00D106E74B0003
:10374C005B180A006146DB00CE18C95E73881BB299
:10375C00002BF0DA01235B42DC17B360F460824289
:10376C00EAD029803B89100033803A81E4E7BB68BA
:10377C006345BBD9C6E7631C00D0F3E6FFE65346AE
:10378C0050461B699847002823D14B461B883A6941
:10379C003B81EFF3108372B611680029FCD0BFF3A4
:1037AC005F8F49467A880A803A697E80BFF35F8FC3
:1037BC000021116083F31088BDE6844200D8FFE637
:1037CC00B9E60C4800F054FA009B019CC01861410A
:1037DC001CE753461A685B680092019306E7824522
:1037EC0000D838E748E7C046A0B001203C7005403F
:1037FC007D3000200040054070B52E4C2569002D11
:10380C0004D00A212C4800F02BFD70BD2B4E032157
:10381C00300000F023FAE660FFF7FAFD284B032294
:10382C009C46D02322701B061B6801216370254B1C
:10383C006044A3600F2380002061022063806369D1
:10384C004942A18019800231198647311D83585293
:10385C0018315A5275325C399952183201319952D9
:10386C0018320131995218320131995208351832F7
:10387C009D52023118329952183201319952183234
:10388C000131995218320131995218320131995241
:10389C001832013199520C4B0C49DC600130356205
:1038AC0000F06CFA0121032000F04AFA084B1D606D
:1038BC00A7E7C046B4720120BCB00120004005400F
:1038CC0040000034FFFF1000A0B001207D3000202C
:1038DC003860054070B501000469EFF3108C72B6C6
:1038EC0020680028FCD0BFF35F8F02200D5E4C696E
:1038FC0068004019C0002418002D37DB2088488050
:10390C000869BFF35F8F002606608CF31088E360B4
:10391C0063880498013320615B0405985B0CA260FA
:10392C0060611A1C002B1FD093B2280462801843CC
:10393C000A69EFF3108C72B61368002BFCD0BFF33E
:10394C005F8F8B8823808D800B69BFF35F8F002284
:10395C001A608CF310880B7801329A40CB680849B6
:10396C008C4663441A6070BD0122DDE70B69BFF31E
:10397C005F8F00221A608CF3108801204042F2E71E
:10398C003C20000010B543890A1493421ADD530001
:10399C009B184269DB00D3180469EFF3108C72B6E4
:1039AC002268002AFCD0BFF35F8F5A88090494B2B6
:1039BC00090C8A4208D00369BFF35F8F00221A609A
:1039CC008CF31088002010BD8022120214435C80FE
:1039DC00012302698371BFF35F8F002111608CF3A7
:1039EC001088044902788C469340C26801206244D6
:1039FC001360E8E73C200000F0B504000D0006263B
:103A0C007642F717C64636196F4100B582B08F4221
:103A1C0014D811D000F034F932003B00121A8B414B
:103A2C00002B17DC002B47D02000290000F066F992
:103A3C0002B080BCB846F0BD8642EBD90022002310
:103A4C0016001F0000F01CF932003B00121A8B41CB
:103A5C00002BE7DD00F014F932003B00121A8B4109
:103A6C00002B0ADB00230193154B32000093154801
:103A7C003B00FFF72FFF0028D6DB00239C46B04607
:103A8C00114A124E736A9F4204D8B16A4145CBD297
:103A9C009F42C9D11168EFF3108072B60B68002BEE
:103AAC00FCD0BFF35F8F1368BFF35F8F6146196063
:103ABC0080F3108820BFE5E7002AB5D0CAE7C046DE
:103ACC004D300020B4720120BCB0012000400540F4
:103ADC0070B504000D0000F0D3F880230019694183
:103AEC001B06994202D3012002494042FFF784FF92
:103AFC0070BDC046FFFFFF7F70B5060000F0C0F838
:103B0C00FA2204000D00002330000021920001F085
:103B1C00F1FC8023001969411B06994202D3012054
:103B2C0002494042FFF768FF70BDC046FFFFFF7FB0
:103B3C00F0B5D6464F464646C0B504000D0082B0DF
:103B4C00EFF305878946002F0ED0344900204B6ACD
:103B5C00AB4203D38A6A0130A24226D302B0E0BC46
:103B6C00BA46B146A846F0BD2D4B9846DB689A463E
:103B7C00434650461E7800F07BF80B00514602007D
:103B8C000436B600715820008E1A2900801A99410B
:103B9C008F4211DC0ED020BF204A0020536A4B45C7
:103BAC00DCD3926A0130A242D8D25B1B5A1E9341DD
:103BBC00D8B2D3E78642EED900F062F822002B008F
:103BCC00121A8B41002B1ADB00230193154B220098
:103BDC00009340462B00FFF77DFE011E0FDD0F4BBF
:103BEC005A6A4A4517D39B6AA34212D34046FFF741
:103BFC00C9FE0A4A0020536A4B45AFD3D1E7074AA6
:103C0C000020536A4B45A9D3926A0120A242A5D247
:103C1C00CBE74A45EAD120BFE8E7C0460040054063
:103C2C00B47201204D300020084A4368516A10B527
:103C3C00046800208B4203D8926A0130A24200D360
:103C4C0010BD5B1A5A1E9341D8B2F9E700400540EB
:103C5C000260436000487047A937002010B5024A43
:103C6C000248FFF765FB10BD1853012034AC01204E
:103C7C000300416A0A00986A596A8A42FAD170476D
:103C8C00034B596A0A00986A596A9142FAD17047F3
:103C9C000040054070B504000D00174A536A190026
:103CAC00966A536A8B42FAD13000190024184D41A0
:103CBC00AB4216D813D0104B2A005B6A9D4203D935
:103CCC000D494B6A9342FCD3934207D10A4A02E056
:103CDC00516A994202D1916AA142F9D370BDA642B0
:103CEC00E9D9054B5B6A1C005A1CEFD00122012458
:103CFC006442E5175242E3E700400540064A536A26
:103D0C009942FCD807D1044B02E05A6A914202D185
:103D1C009A6A8242F9D3704700400540054B064A27
:103D2C001360064A136053609360D3601361536150
:103D3C00936170478080808000E400E004E400E040
:103D4C001F2318401E3B8340002905D0C021044A84
:103D5C004900535013607047802201498B50FAE799
:103D6C0000E100E001228240034B1B6813405A1E05
:103D7C009341D8B27047C04600E100E070B50D0029
:103D8C00EFF3108672B60F4A1368002BFCD0BFF30A
:103D9C005F8F0D4B10309B6884001B590B4A93426C
:103DAC0003D09D4201D000F06FFC074B9B681D5166
:103DBC00BFF35F8FBFF35F8F0022024B1A6086F355
:103DCC00108870BD240100D000ED00E0CD01001082
:103DDC00F0B54E464546DE465746E0B583B0060084
:103DEC0000919046EFF3108B72B6654A1368002B66
:103DFC00FCD0BFF35F8F0025624B5D579A46002DB8
:103E0C0000DA79E052466B005F4C5F19BF000193FA
:103E1C00E31999469B79103613705C4BB6009B687E
:103E2C0099590B1B2F2B33D9594B994200D07CE05D
:103E3C00019B02379C46574B6544AD006353564B70
:103E4C00E719043BDB1B554A1B055B0D6519134336
:103E5C006B80534B0121AB80FF23AB714346EB715D
:103E6C00009BAB604B460B431900484B9B68995128
:103E7C00BFF35F8FBFF35F8F0022414B1A608BF350
:103E8C00108803B0F0BCBB46B246A946A046F0BDB4
:103E9C0001200A008243D379434549D9BC464746A1
:103EAC00884607E05800C01880002018C179B94234
:103EBC0028D902000623D356002BF3DA9A46131D99
:103ECC009C464146B846374F484663460438C01AAC
:103EDC000005324B400D1843019B908095715A1987
:103EEC0053469200A418A37143462F4AE371009BDA
:103EFC002260A780A360B8E700F0C6FB00255346FC
:103F0C005D577FE79A464146131DB84667469C4667
:103F1C009088043740050015E7196044C01BE02762
:103F2C000005400D3F020743CEE700F0ADFB7FE7F5
:103F3C0013001E491B1B5B415943090D154BBD1C3E
:103F4C00E353154B6519043B5B1B1B05134D5B0DB4
:103F5C002B43AC464D466B8065460437131FE7195F
:103F6C00DB1B1B055B0D1D434B4699714146D971FB
:103F7C0000999D80996049460B4B0143136074E78F
:103F8C00240100D0CCB00120CC72012000ED00E067
:103F9C00CD01001000A1FFFFFC72012000E0FFFF2B
:103FAC0001BDFFFF01BD000001488047AAAA000027
:103FBC00F0B5DE4657464E464546E0B50C0083B09C
:103FCC00EFF3108872B6634A1368002BFCD0BFF372
:103FDC005F8F614B61499A68030010339F00D5597C
:103FEC0000938D4243D0A54254D05D4EAA1B2F2A7C
:103FFC003DD85C4B9C461B689A4601231A00994697
:10400C008240534613401F2201934B46024093407B
:10401C009A468022634650469850BFF35F8FEFF369
:10402C0005839B46002B37D0009B5B4501D000F0ED
:10403C002BFB2A004B469A439068844208D177E0C8
:10404C004B005B189B00F3189868844236D01A001A
:10405C00062151560029F3DA844255D0019B002BDE
:10406C0027D0C02251463F4B5200995019603A4B11
:10407C009B68DD51BFF35F8FBFF35F8F0022354B21
:10408C001A6088F3108803B0F0BCBB46B246A94650
:10409C00A046F0BD0D00EAE72A004B469A43906813
:1040AC008442D5D106201056130000280ADA0D00E0
:1040BC0032E0802351462B4AD150D8E706201856BF
:1040CC00002822DB42001118890074188946A16867
:1040DC009960E179D971062161569971002925DB26
:1040EC00A488F11A640524154C440919E024090527
:1040FC00490D24022143998013181B4A9B00117807
:10410C00F31899711070A9E713005946002914D1BE
:10411C00FF3191711549918013490A789A71144AAB
:10412C009B1B5B415A43120D0A7097E71149E2E75A
:10413C000620105613000028C4DA0F4A0F49D21A71
:10414C00083A5002400D014399800D4952080A4328
:10415C00DA8083E7240100D000ED00E0CD010010EF
:10416C00CC72012000E100E0CCB0012001BDFFFFCA
:10417C00AAAA000001BD00000673012000F0FFFF99
:10418C0000F8FFFF10B58308040003202040FF2433
:10419C00054AC0009446844081409B0063441A68E1
:1041AC00A2430A431A6010BD00E400E070B501247C
:1041BC000443EFF30581EFF3108C72B6214A1368B8
:1041CC00002BFCD0BFF35F8F1F4B05001F4AED1A6D
:1041DC006D416A43120D1E4D8900AE6852B276587D
:1041EC00A6421CD00621595691421CD01221595678
:1041FC00914222D01E215956914220D02A21595643
:10420C000324914210D0134B19781A708171BFF3AB
:10421C005F8F00220B4B1A608CF3108870BDAB685B
:10422C000D4C5C50EFE700246100091989005B1804
:10423C00FF21997109499980E5E70124F4E70224EB
:10424C00F2E7C046240100D0CC720120AAAA0000DB
:10425C0000ED00E0CCB00120CD01001001BDFFFF4E
:10426C00024B9C4661448900016070474000003459
:10427C00F0B5FF23C646144D144F2C00984600B5DC
:10428C00BD420DD31DE0FFF7C3F801002800FFF776
:10429C00E7FF4346B380BFF35F8FBC4211D22500CA
:1042AC00236826000834002BEDD1FFF7B1F801008C
:1042BC002800FFF7D5FF43463371BFF35F8FBC4235
:1042CC00EDD380BCB846F0BDB8780120C878012089
:1042DC0010B50400FFF79CF801002000FFF7C0FFA9
:1042EC00FF232371BFF35F8F10BDC04610B50400D0
:1042FC000120FFF799F8034BC3189B002360BFF311
:10430C005F8F10BD40000034094A83009A1810B525
:10431C0014684022544080322240064CC000A4460F
:10432C0063441A60044B9C466044416010BDC04617
:10433C0004C0014004D0014000400140074B800004
:10434C00C3181B68C90092000A435A400C2313403F
:10435C00034A9446604403607047C04604C0014061
:10436C0004D001408000002905D0064B9C46402318
:10437C00604403607047044B9C46402360440360D8
:10438C00F8E7C04604E0014004F001400123D022CC
:10439C008340120693629361094A83009A1811684C
:1043AC004022514080320A400649C0008C4663448A
:1043BC001A60054B9C460523604443607047C04619
:1043CC0004C0014004D0014000400140F8B5DE4675
:1043DC004E4657464546E0B58B4605000A991800EF
:1043EC00160000F06BFA0A9B6C001F02314B64192B
:1043FC009C46A4006444636881469F4200D9676070
:10440C002B1FDBB29846C02342469B01E318012ABE
:10441C002DD9802212011A60274BAD0059599A46AA
:10442C0000291BD17301E026226853401E408023D3
:10443C0042465B01E3181E60012A2DD9802380229D
:10444C009B01E31812011A6053464A4667605A51A1
:10445C00F0BCBB46B246A946A046F8BD586900F070
:10446C002DFA013043001B18033BFDD2DAE75A4604
:10447C00012ACED102321A60023AA3681A42FCD049
:10448C007301E0262268AD0053401E4080230A4A87
:10449C005B019246E3181E605A4621685140032284
:1044AC000A401A6001225B469A40A3681A42FCD06B
:1044BC00C4E7C0460080004038AC0120F0B5464649
:1044CC004F46D646C0B51F00334B44009C462418BB
:1044DC00A4006444636888461600FF2B02D880232E
:1044EC005B006360031FDBB29A46C02352469B01FC
:1044FC00E318012A2DD9802212011A60274B85005E
:10450C005959994600291BD17301E0262268534062
:10451C001E40802352465B01E3181E60012A2DD9F0
:10452C00802380229B01E31812011A6080235B0018
:10453C0063604B465F51E0BCBA46B146A846F0BD3D
:10454C00586900F0BBF9013043001B18033BFDD246
:10455C00DAE74246012ACED102321A60023AA36847
:10456C001A42FCD07301E0262268850053401E409D
:10457C0080230A4A5B019146E3181E60424621687B
:10458C00514003220A401A60012342469340A2681C
:10459C001342FCD0C4E7C0460080004038AC012078
:1045AC00014B8000C058704738AC0120F8B50400AE
:1045BC0020481D0017000E0000F080F901003800A3
:1045CC0000F07CF9069B29041B0319432368002B7C
:1045DC001EDB194B194DE21853425A4180235B01E3
:1045EC009C461203164B62441A60164B1A60170055
:1045FC002B689F43FBD1144B2660E2182123A0604B
:10460C0013602368002BFCDA0823E1601360F8BD0B
:10461C003F2322681340B342DBD1A3681B051B0D5B
:10462C008342D6D1EE22E368D20213408B42D0D122
:10463C00EDE7C046001BB7000040FDBF08C00040BE
:10464C0000E0004000F00040043000008023024AEB
:10465C009B000B43D362704700800540AA23064A97
:10466C001B0113602133FF33D3600449044B1960E1
:10467C005368002BFCDA70470040024000B0FA008F
:10468C00006002407047C04610B50148FEF722FE9C
:10469C003C53012070B5074D074EB54209D200249A
:1046AC00013E761BB60808CD984723000134B3426F
:1046BC00F9D170BDC87801200479012070B5074D7F
:1046CC00074EB54209D20024013E761BB60808CD30
:1046DC00984723000134B342F9D170BDFC78012016
:1046EC0004790120054B064A06491A60064A074B15
:1046FC001A6010000B689843FBD1704700E0004033
:10470C00BFCDFBFE08C00040FE7F3C0000F0004027
:10471C00044BDB6C002B03D18022034BD2021A60BA
:10472C007047C046000011504C201150044A054BF4
:10473C001A60054A1368DB018033FBD17047C04611
:10474C00FFFFFF0100F0004008C000404022034B77
:10475C009A675A671A67DA667047C04600F00140DC
:10476C0010B5FEF773FE10BD70B5044D044CA9686E
:10477C00C022200001F036F8AC6070BD00ED00E006
:10478C0000000020002310B5294C82B0A367FFF76E
:10479C0065FF0122274B1A60636C012BFCD10322AD
:1047AC00254B1A60224A936B012BFCD101330093E9
:1047BC000121224A22480433FFF7F8FE0523012188
:1047CC000093204A2048FFF7F1FE0022022104202A
:1047DC001E4BFFF773FE0022012105201C4BFFF737
:1047EC006DFE0022002107201A4BFFF767FE002206
:1047FC0000210820174BFFF761FE8023DB0000939C
:10480C00002200210920134BFFF7E0FD0022104B82
:10481C0000210620FFF752FE0420FFF7C1FE0E49CF
:10482C0000F04CF801000020FFF710FF02B010BDA3
:10483C00008000403CB0004030B00040002F685970
:10484C0000800240008C864700C00240001BB7006D
:10485C0040597307006CDC0240420F0001480421F0
:10486C00014B18472073012009300020124A936F26
:10487C009B0815D29066D166002905D0FFE7FFE7AB
:10488C00FFE7516F106F704704B580210906C217FE
:10489C005140002800D0C8430CF03EFB002104BD61
:1048AC00F0B5146E556E576F166FFFF7E3FF146675
:1048BC00556657671667F0BD000000D0114A936F1C
:1048CC009B0813D210665166002905D0FFE7FFE75D
:1048DC00FFE7516F106F704704B5002801D000201E
:1048EC00C0430CF019FB002104BDC046F0B5146E9A
:1048FC00556E576F166FFFF7E5FF146655665767D1
:10490C001667F0BD000000D094464A4A926F920898
:10491C00624601D228E0C046F0B5464E346E756E44
:10492C00776F366F00F020F89446424A146655664D
:10493C00576716676246F0BD94463E4A926F9208DE
:10494C00624601D254E0C046F0B53A4E346E756EF4
:10495C00776F366F00F04CF89446364A14665566FD
:10496C00576716676246F0BD002B24DB11D0002977
:10497C003EDA00B5C943404200D1013100F038F8AD
:10498C00C943404200D10131DB43524200D10133D3
:10499C0000BD002AEBD1002801D1002905D0002050
:1049AC00C90FC90701D1C043410800B50CF0B4FAD6
:1049BC000022002300BD00B500290ADBDB43524274
:1049CC0000D1013300F014F8C943404200D1013149
:1049DC0000BDC943404200D10131DB43524200D1FA
:1049EC00013300F005F8DB43524200D1013300BD26
:1049FC00002923D1002B18D1002A0CD0BC460D4F16
:104A0C0038667A6600210023FFE7FFE7FFE77A6F3D
:104A1C00386F67467047002801D00748010000B581
:104A2C000CF07AFA0022002300BD02000B000020DB
:104A3C0000217047000000D0FFFFFFFF002B00D0CB
:104A4C00BFE0130C28D1002AE7D080B4114F39668F
:104A5C007A66FFE7FFE730B4040C7B6F396F1B04F9
:104A6C0023433B667A66FFE7FFE7FFE7C04684B265
:104A7C007B6F3D6F1B0423433B667A66FFE7FFE7C2
:104A8C00C04600232C042D0C7A6F386F0019694135
:104A9C00B0BC7047000000D0F0B594460025140E51
:104AAC0001D112020835140F01D112010435940FF3
:104ABC0001D192000235D40F01D152000135D40B33
:104ACC000134254F7C66254C3C660E0C93B2FFE7F7
:104ADC00FFE7FFE73C6F6643360C7703BE46734334
:104AEC00DF0B5B04C01AB941130C7343DB18C91AF2
:104AFC00CE086643360CB64493B273431F0F1B01AA
:104B0C00C01AB941130C73431F0B1B05C01AB941D2
:104B1C00860D8F023E436643360C092D24DB520A68
:104B2C007243801A7703460A6643360C16235B1BC6
:104B3C00DE40DF40BF1964466643821B7046043575
:104B4C0006330100D940A840C01900D30131A2425C
:104B5C0006D20023F0BD0000000000D0FFFFFFFFD5
:104B6C00121B0130F3D3F1E709277F1BFE4064468B
:104B7C00A2B27243801A00D20139220C7243130C78
:104B8C001204821A99410B00704604351337010048
:104B9C00F940A840801900D30131002B02D1A24268
:104BAC000AD2F0BD013000D30131121BFAD2013B05
:104BBC00F8D1A24200D2F0BD013000D30131121B5A
:104BCC00F7E7F0B51C0C00D080E00CB400251C0AF3
:104BDC0004D11B02160E3343120208351C0B04D1F0
:104BEC001B01160F3343120104359C0B04D19B009F
:104BFC00960F334392000235DC0B02D192185B41C5
:104C0C0001351C00971864410134464F7C66464CB4
:104C1C003C660E0CFFE7FFE7FFE7C0463C6F6643C0
:104C2C00360C7703BE4697B27743C01B00D20139CE
:104C3C00C01B00D201399FB27743C91BC91B170C8B
:104C4C0077437E04FF0B801BB941CE086643360CBC
:104C5C000C2D33DBB644120B1F053A431B0B97B2DA
:104C6C007743C01B00D201399FB27743C91B170C85
:104C7C0077433E043F0C801BB941860D8F023E43A7
:104C8C00664329277F1BFE400C3D7746AF40BF197A
:104C9C0030BCA2B2ABB272437343801A9941220C5E
:104CAC007243130C1204801A994102000B00013755
:104CBC00001BA941F9D2781E0021F0BD0C277F1BE7
:104CCC00FE4077467F0BAF40FF19E0E700245D1CE8
:104CDC0007D0144F7D663966FFE7FFE7FFE7FFE774
:104CEC003C6F95B29EB265436643401BB141150CB7
:104CFC001E0C6543664336042F0C3E432D04401BAB
:104D0C00B141994204D202000B0020000021F0BDF9
:104D1C0001D19042F7D3801A994101349942F2D3D0
:104D2C00F6E70000000000D0FFFFFFFF48404140C5
:104D3C00484018B41B4B5B68FC46019308BD04DF6C
:104D4C00474B002018B4174B1B68FC46019308BD59
:104D5C0000DF514B00209446134A926F920809D2FF
:104D6C00624618B40F4BDB68FC46019308BD0CDFA0
:104D7C00094E00200C4AF0B5146E556E576F166F25
:104D8C006246FFF7EEFF084A1466556657671667CA
:104D9C00F0BD18B4034B9B68FC46019308BD08DFBB
:104DAC00AD4C002040820120000000D0FFB55040E7
:104DBC004240504059404B40594000E0FFB5154F20
:104DCC004C00640D03D0BC4204D10C0314D8002059
:104DDC00090D09055C00640D03D0BC4204D11C0311
:104DEC000AD800221B0D1B0501264B4009D44B4051
:104DFC0003D58B4200D18242FFBD9942FCD1904237
:104E0C00FFBD0B43DB1803431343F5D0C9434918CB
:104E1C00FFBD0000FF07000000B5FFF7CFFF80418A
:104E2C0000BDC04600B5FFF7C1FF01D9002000BD91
:104E3C00012000BD00B5FFF7B9FF804100BD012086
:104E4C0040054A00121804D85A00121801D8002044
:104E5C0070470120704700000021002805D17047E1
:104E6C00C1174840401AFAD0C90713B5064B1B6846
:104E7C0098470CBC441CA2401005120B0349091B9B
:104E8C0009051943114310BDB8B001201F040000DF
:104E9C0010B54C00620D8023D218DB00D21A5B05D2
:104EAC007E2A10DD9E3A13DACC1709034908194300
:104EBC005242D140640001341532202A05DAD04028
:104ECC000843604310BD002010BD0846604310BD70
:104EDC00C80FC018013810BD18B4044B5B6AFC46EF
:104EEC00019308BD24DFB94F00200000408201204F
:104EFC00132370B51D78012D19D014DD1F48FEF752
:104F0C00BBFA06001E48FEF7B7FA1E4C8022310091
:104F1C00200000F067FC022D2DD01B48FEF7A4FAF0
:104F2C001A4B186070BD1A4B164CA364F5E7184B5E
:104F3C00144C23606360A360E36023616361A3612D
:104F4C00E36123626362A362E36223636363A3632B
:104F5C00E36323646364A364E36423656365A3650B
:104F6C00E36523666366A366E36623676367A367EB
:104F7C00E367A364D1E7064BA364CEE75344000078
:104F8C0053460000408201204C330000B8B0012091
:104F9C00154B002007B5604601880A0A0230DF2A4B
:104FAC00FAD1C9B2820804D30288408800041043A5
:104FBC0000E00068014A5050039007BD4082012078
:104FCC000FB403BC0CBCF0B50124E407634000E053
:104FDC00F0B50C0DCF0F661E3605891B640503D387
:104FEC00C943404200D30131640D03D0661CF60A5C
:104FFC0007D0E41B00207F00791C89078912803CB4
:10500C0024031D0DDF0F6E1E36059B1B6D0503D390
:10501C00DB43524200D301336D0D03D06E1CF60AF4
:10502C0007D0ED1B00227F007B1C9B079B12803D51
:10503C002D032F1B661B58D4A446202E46DA20378E
:10504C001400BC401D00BD40F24033412A4380187F
:10505C005941CB0F05D0C943C04300226442504193
:10506C00514162464D0D28D10D0D07D100281FD09E
:10507C00241940414941013A0D0DF9D0640006D381
:10508C00013000D30131002C01D140084000013A1D
:10509C000BD4941CE40A04D112051144DB07194407
:1050AC00F0BDD907204B194300E0D9070020F0BD13
:1050BC000029DDD1002CDBD1F0BD0132C607400840
:1050CC00CD0728434908002EE1D0D9E73C2E29DA38
:1050DC00203E40371400BC4000D00124F240144361
:1050EC001A00BB401C43D317ACE7AC46202F08DAA0
:1050FC0020360400B4400D00B540F8403941284337
:10510C00A5E73C2F0CDA203F40360400B44000D019
:10511C000124F84004430800B1400C43C117EAE7EE
:10512C0010001900002494E70000F07FF0B50C0D7E
:10513C00661E3605891BE60A6405640D02D0651CE3
:10514C00ED0A04D0002001210905803C2403A4466B
:10515C001C0D671E3F05DB1BE70A6405640D02D0BE
:10516C00651CED0A04D0002201231B05803C24039E
:10517C007740644497B484B296B27443070C7E4370
:10518C00150C6F4380B26843361802D3012000041B
:10519C003F183004350C00197D41844688B29AB210
:1051AC0050430C0C62431F0C7C438EB27E4392190D
:1051BC0002D301263604A4191604170C36186741BD
:1051CC0001BC81B29AB25143040C62431B0C5C4388
:1051DC0080B25843121802D3012000042418100482
:1051EC00130C401863412D185E410020474106BC4A
:1051FC0088B293B258430C0C6343120C544389B2DB
:10520C0051435B1802D301210904641819041A0CC8
:10521C00091862416D1856410020474118BCF9022B
:10522C00720D1143F0026A0D1043ED020A0D03D109
:10523C006D1940414941013B124E9B1B7600B34214
:10524C000ED26D0007D301300026714166463543FE
:10525C0001D1400840001B05C918E4072144F0BDEA
:10526C000BDA013306D1013004D101314F0D01D0DD
:10527C004908F2E7E1070020F0BD013631050020B6
:10528C00EBE70000FF030000F0B51C0D671E3F05A7
:10529C00DB1BE70A6405640D02D0661CF60A04D019
:1052AC00002201231B05803C2403D0252D0600265B
:1052BC00F6432E661E096E66CE0FF619B4464900EB
:1052CC004F0D02D07E1CF60A03D000200021403F77
:1052DC003F033E1BB600B444013F7F05C91B490880
:1052EC002E6F013676089C02950D25437543ED1300
:1052FC007543AD1301356D10F603761B0CB4CC025F
:10530C00450D2C43A2B2B3B25A43270C7B43350C48
:10531C006F43A4B26C431B1902D3012424043F191C
:10532C001C041D0CA4187D4124196D41009A91B2E6
:10533C00ACB26143170C7C432B0C5F4392B25A43C3
:10534C00A41802D301221204BF182204230C5218F1
:10535C007B41019C6C431B19520ED9010A43440139
:10536C00A01A81B2B2B2514303145A43360C7343A0
:10537C0087B27743D617D21900277E4136049B1982
:10538C001704160C7F185E417316ED18F3010026F6
:10539C0080337541A90F06D16400690AE8055B0AE0
:1053AC00184309D22FE00422944480337541A90A92
:1053BC00A8059B0A184326D3404149412404009A6E
:1053CC00019B0D005543641B4343E41A95B286B20E
:1053DC007543170C7E43030C5F4392B25A43B618C5
:1053EC0002D301221204BF183204330C52197B4130
:1053FC0052429C41002C02D4002201305141400801
:10540C00CA071043490802B06246D7079210084BEE
:10541C00D218084B9A4203D212058918C919F0BD4B
:10542C000020002A01DC3900F0BD01331905F5E735
:10543C00FD030000FE070000002200B5203200F042
:10544C0004F8080000BD000000220B150AD410B5AA
:10545C00944600F031F81414013400DA0021CB1713
:10546C00144C20470020002170476244343A0CD47D
:10547C000C2A07DA04009140904052422032D4406A
:10548C00214310BDD843D94310BD203207D40C465C
:10549C009440524220321141D040204310BD0800AC
:1054AC00C917203203D452422032104110BD1800CB
:1054BC00190010BDEB4F00200A0DCC0F531E1B051D
:1054CC00C91A520503D3C943404200D30131520DCE
:1054DC0003D0531CDB0A07D0121B00206400611C94
:1054EC0089078912803A1203014BD21A70470000C7
:1054FC00FF03000051434343C9188C46110C83B27F
:10550C004B4310B4040C614392B280B250436243DB
:10551C001C041B0C001910BC59411304120CC018AC
:10552C0051416144704700004840414048400E4B97
:10553C005B6818470C4B1B6818470C4A936F9B0809
:10554C0002D2094BDB681847F0B5146E556E576FD5
:10555C00166FFFF7F6FF054A146655665767166710
:10556C00F0BD014B9B68184740830120000000D020
:10557C0007B548404140484001E0C04607B54200ED
:10558C00120E03D0FF2A03D1420218D8C00DC00559
:10559C004A00120E03D0FF2A03D14A020FD8C90DBC
:1055AC00C9050122414005D4414001D5814207BDC6
:1055BC00884207BD0143491801D0C043001807BDFC
:1055CC0000B5FFF7DBFF01D0002000BD012000BDBE
:1055DC00C10FC90700D54042002817D0F44603B4C8
:1055EC000B4B1B68984706BC81409E38404280316B
:1055FC0007D20B0607D04900490AC00510430843DF
:10560C0060470130F8E7490A8902F5E77047000066
:10561C00B8B0012041000A0E80231B067E2A0BDD48
:10562C009E3A0BDAC1174002400818435242D04050
:10563C00490001314843704700207047C00FC01823
:10564C0001387047C0420DD300B54000400800211E
:10565C0000F012F8002801D4404200BD8020000662
:10566C0000BD0000034BDB69FC4618471CDF95525C
:10567C000020000040830120014B5B6A18470000AA
:10568C0040830120132310B512481C78FDF7F4FE5B
:10569C000100012C0AD003DD80220F4800F0A2F893
:1056AC000E48FDF7E1FE0E4B186010BD0A4C54225B
:1056BC00200000F097F80B4B6365A365E365236648
:1056CC006366A366E36623676367A367E367236286
:1056DC00E361E5E753460000408301204C330000B2
:1056EC00B8B001206952002007B5604601880A0A4B
:1056FC000230DF2AFAD1C9B2820804D3028840886A
:10570C000004104300E00068014A5050039007BDAC
:10571C00408301200021C2158032803201D0024A20
:10572C001047002070470000CD2A000070B504001F
:10573C000A4E30000FF040F820000CF031FE05004E
:10574C0030000FF0F3F8002D05D0054B2C199C42BE
:10575C0001D8280070BD0348FDF7BCFDB8780120C6
:10576C00000004204853012070B505000C000B4EBE
:10577C0030000FF021F8280021000DF009FB050086
:10578C0030000FF0D3F8002D05D0054B2C199C429E
:10579C0001D8280070BD0348FDF79CFDB8780120A6
:1057AC00000004204853012070B50400054D28006A
:1057BC000FF002F820000CF0FDFD28000FF0B6F8F9
:1057CC0070BDC046B878012001480421014B184730
:1057DC003073012009300020014B1B681847000072
:1057EC0030730120014B5B681847000030730120B7
:1057FC0010B5FFF7D9FF10BD9A4200D288547047FC
:10580C007047C046F8B557464546DE464E46E0B5AD
:10581C0098460A9B06009A460D9B0F00934615006E
:10582C009B0710D10B9B0C9A93420CD213005C4635
:10583C000B9A9D1A5D442200434601343900202006
:10584C00B047A542F7D10B9C6319002C09D01D0061
:10585C0053462A1B013C185D39004346B047002CC7
:10586C00F6D10D9B9B070ED55B46EC1A0C9BA34205
:10587C0009D999462A004346390020200134B04703
:10588C000135A145F6D82800F0BCBB46B246A94666
:10589C00A046F8BDF0B54F464646D646C0B584B0D6
:1058AC0098460EAB1B7894469946129B0D9C109F04
:1058BC00119E9A0724D4002E6AD1BC4220D2012218
:1058CC001A409246202C00D1D2E00C9A551E302260
:1058DC0001E0202C30D001342A55A742F9D8524689
:1058EC00002A0DD0B4420BD20C9A551E3022202C1B
:1058FC0002D126E0202C63D001342A55B442F9D1D0
:10590C00DA0634D55A0564D4002C5ED10F9A102ACD
:10591C0000D197E0022A00D1A8E030220C9C227022
:10592C0001244A46002A5ED15A0700D483E02B2278
:10593C000C9D2A5501341CE05246002A02D0202E20
:10594C003ED92024DA0614D55A0512D4202F00D1C2
:10595C00A1E0202E3DD120261F2234000F9D102DBA
:10596C0000D18BE0022D52D030250C9FBD54202C41
:10597C00D7D103930C9B6246009302964346019445
:10598C00FFF740FF04B0E0BCBA46B146A846F0BDF4
:10599C00012215001D40AA461A4229D04A46002A67
:1059AC0039D10C321A4236D1BC429BD2202C00D0B9
:1059BC008BE710221A40202EC3D8002AA2D1D8E798
:1059CC002024DA06D5D55A0503D4A74225D0B442F3
:1059DC0023D00F9A102A25D0022A14D0202CC8D0FC
:1059EC0022000134C0E72D220C9D2A550134C0E75A
:1059FC00BC4200D384E7202C00D066E710221A406A
:105A0C00002AE0D1B5E7202CB3D022000134622566
:105A1C000C9FBD54E2E7013EC6E7621E012C00D18B
:105A2C0074E79BE79A0616D4202CA2D078220C9D02
:105A3C002A550134D2E71A079BD520220C9D2A55F2
:105A4C00013496E79A060FD478220C9C22703022EF
:105A5C006270022465E7202C00D18AE758250C9A45
:105A6C00121915700134B9E75822EEE76222ECE7FF
:105A7C00102255461A40002D9FD1C1E7023C9D06CD
:105A8C0004D478250C9F3D551400A9E758250C9F8C
:105A9C003D551400A4E71F2260E7C04610B500284E
:105AAC0000D110BD01F0D6FBFBE7C046F0B5574660
:105ABC004E464546DE46E0B599B08246894690464C
:105ACC000893229A239B10001900FFF7B8F90028BD
:105ADC0000D0CDE0229823990122D94B5242FFF7F6
:105AEC00A9F9002800D0C3E0229823990122D54BB4
:105AFC005242FFF791F9002800D0B9E0229823997F
:105B0C0000220023FFF788F9002800D0F1E1229E43
:105B1C00239F8023269ADB001A400D92269A1A4264
:105B2C0001D1062324938023269A1B011A403B00A3
:105B3C0093460996334300D0B3E0002A00D0C2E16B
:105B4C00002300240A930B94002304250993259B1E
:105B5C000024AB4200D95C1B0223269A1A400C92FB
:105B6C00269A134203D06B426B415B421C40099B4B
:105B7C00002B07D00A9A0B9B30003900FFF7EBF88B
:105B8C0006000F002298239900220023FFF744F906
:105B9C00002803D0802109067B181F00269AAA4BE7
:105BAC00009601971340089E0493249B0394029340
:105BBC00424633004946504600F0AAF90400002D35
:105BCC0067D02020269A4946024013005A4253417E
:105BDC005B42621C18400A92330022004530D047C9
:105BEC00099A6F1ED317D4185C40D30F9B4600251F
:105BFC0001E0202D13D008AA94461F2320006344F3
:105C0C000A2101355E19FEF759FE30313170200042
:105C1C000A21FEF753FE26000400092EE9D80523BD
:105C2C000693002304930A3303935B46089E029366
:105C3C0010AB0A9A009349463300504605970195DC
:105C4C00FFF728FE0C9A0400002A22D04246851A3F
:105C5C00259AAA421DD9B046574616002200434643
:105C6C00494620200135B8470134AE42F6D810E041
:105C7C00269B42460493259B49460393249B5046FE
:105C8C000293229B239C00930194089B00F040F903
:105C9C000400200019B0F0BCBB46B246A946A04691
:105CAC00F0BD6A4B78009C46400D6044FFF7D8F875
:105CBC00674A684BFFF76DF8674A684BFFF742F885
:105CCC00674A3B031B0B1A4304000D000998110093
:105CDC00644B0022FFF72DF8634A644BFFF759F829
:105CEC0002000B0020002900FFF72CF8FFF7D0F87A
:105CFC000990FFF7B5F85E4A5E4B04000D00FFF704
:105D0C0048F800225C4BFFF71DF8FFF7C1F85B4A1F
:105D1C005B4B29000C902000FFF73BF804000C981B
:105D2C000D00FFF79DF8574A574BFFF732F802006A
:105D3C000B0020002900FEF7FCFF04000D00020000
:105D4C000B000A940B95FFF724F804000D000A9839
:105D5C000B9902000B00FEF7F5FF00220E900F913D
:105D6C004A4B20002900FEF7F6FF0022484BFEF7B5
:105D7C00E9FF02000B0020002900FEF7ECFF0022D7
:105D8C00444BFEF7DFFF02000B0020002900FEF75A
:105D9C00E2FF0A9A0B9B0D0080210400C90500202C
:105DAC00FEF7C7FF02000B0020002900FEF7CAFF18
:105DBC0002000B000E980F99FEF7CDFF0022284B26
:105DCC00FEF7C0FF344B0C9C9C4664442305002218
:105DDC00FEF7DFFF04000D0002000B00300039005D
:105DEC000A940B95FFF718F800285DD123002A00C0
:105DFC00C625099963318D42AD4159466D42043532
:105E0C00002900D1A3E6134363D030003900234AA4
:105E1C00234BFFF707F8002807D000223000390089
:105E2C00204BFEF7F9FF002853D1249B002B00D107
:105E3C008DE60D9B5A1E9341249AD31A249386E621
:105E4C00FFFFEF7FFFFFEFFFFFF7FFFF01FCFFFFFF
:105E5C00FB799F501344D33FB3C8608B288AC63F4D
:105E6C000000F03F0000F83F61436F63A787D23F0B
:105E7C0071A379094F930A400000E03F1655B5BB5A
:105E8C00B16B0240EF39FAFE422EE63F00002C4087
:105E9C000000244000001840FF0300002D431CEBC1
:105EAC00E2361A3F80842E41099B0022013B099364
:105EBC002000164B2900FEF74EFF0A0001000300DC
:105ECC000A910B9294E7002300240A930B9400236D
:105EDC000993249A099B9A4214DDD31A013B24930B
:105EEC008023269ADB001A4300230025269209936F
:105EFC002DE6802212069446229B1E00239B6344AF
:105F0C001F0006E600232493EAE7C0460000244065
:105F1C00F0B54546DE464E465746E0B595B08B4645
:105F2C00904699461E9A1F9B0A9019001000209DBE
:105F3C00FEF785FF002800D0B0E11E981F990122C2
:105F4C00C74B5242FEF768FF002800D037E11E987D
:105F5C001F990122C34B5242FEF76CFF002800D060
:105F6C00A7E01E981F990022BF4BFEF763FF002885
:105F7C0000D088E01E981F990022BC4BFEF74CFF06
:105F8C00002800D07FE01E981F9900220023FEF706
:105F9C0043FF002800D0FAE000230B938023229CBF
:105FAC00229ADB001C401A4200D102E1092D00D8D4
:105FBC007EE106A98C462C00172200233021093CD7
:105FCC0062440133D154EF1A202B00D132E1A342A9
:105FDC00F7D10022A44B069207931E981F99FEF747
:105FEC0057FF0500FEF73CFF02000B001E981F999F
:105FFC00FEF79FFE069A079BFEF7CBFE08900991D1
:10600C00FEF76AFF0600FEF727FF02000B00089858
:10601C000999FEF78EFE0022954B08900991FEF728
:10602C0009FF002800D1D2E001363000FEF714FF42
:10603C00069A079BFEF7F6FE002801D000260135D4
:10604C00AA46002F00D098E02800FEF709FF0200B6
:10605C000B001E981F99FEF76CFE854B0022060064
:10606C000F00FEF7D9FE0CAB9A46002845D1002252
:10607C00300039007E4BFEF7DDFE00283DD1EB07EA
:10608C003BD5013539E0229B42460493219B59466E
:10609C0003930A981E9B1F9C0295009301944B46F8
:1060AC00FFF704FD15B0F0BCBB46B246A946A046AE
:1060BC00F0BD229B5B0767D403226E4B22990192A1
:1060CC00039121990291009342464B4659460A98F6
:1060DC00FFF798FBE6E706AA9446172328006344CB
:1060EC000A2101341E19FEF7C1FB30312800317032
:1060FC000A21FEF7BBFB051E76D0202CEBD1032327
:10610C00229A1340012B1DD1219B002B1AD00B9BE3
:10611C00002B00D0BBE0229A0C33134200D0B6E027
:10612C00219BA34200D887E006AB9C461722302364
:10613C00624404E02199013413558C4259D0202C2F
:10614C00F8D12024229B01940393219B0293534664
:10615C00B9E706AA944617230A2163443000013498
:10616C001D19FEF7ABFB3031297030000A21013FBD
:10617C00FEF7A4FB092E46D90600202CE9D1554682
:10618C000CAB20249A46B8E704223B4B96E71E9AA8
:10619C001F9B00200021FEF7CCFD01230B938023D5
:1061AC00229C229ADB001E901F911C401A4200D0A8
:1061BC00FCE60022314B0627069207930DE7229B43
:1061CC000393219B0293042301932D4B7BE7002225
:1061DC0008980999264BFEF71FFE002800D02FE7E0
:1061EC00002E4FD101362BE70323229A1340012BAB
:1061FC0068D0202CA6D00B9B002B1FD02D235246F1
:10620C00135501349EE75546202CB9D030223B194A
:10621C00002F4BD0172006A9013409180A55202C41
:10622C00AED09C42F6D10CAA92462E2251465C1C52
:10623C00CA5462E72024CCE6202C83D0229B5B0737
:10624C0008D4229B1B0700D47CE72023524613550D
:10625C00013477E72B2352461355013472E7C046BD
:10626C00FFFFEFFFFFFFEF7F65CDCD4165CDCDC1CA
:10627C000000E03FFC530120F453012080842E41A8
:10628C0004540120F30700D4DAE60136D8E6219B4A
:10629C00013B2193A34200D946E7AAE7229B039333
:1062AC00219B029303230193084B0CE72300BAE7CD
:1062BC00074BEA009B185C681B682F000693079439
:1062CC0000248AE6219B002B93D020E70054012068
:1062DC00A8550120F0B54546DE4657464E46E0B57A
:1062EC00A1B01D002A9B90460B93D04AD04B8346FD
:1062FC008A461A60002900D1A4E100232878994627
:10630C00002800D1A6E1CB4B5E460993CA4B4C4604
:10631C00D34647460D930AE0631C984622003B0087
:10632C005946B04744462878002800D1CDE00135C5
:10633C002528F1D108239A46043B9946023B9846FE
:10634C00013B00229C460C942878691C0300203BDE
:10635C00DBB2102B03D8099C9B00E3589F4603002B
:10636C00303B0C9C0A92092B7FD9002398462A2893
:10637C0000D1C1E000239A462E2800D190E0030002
:10638C00683BDBB2122B1ED8AC4A9B00D3589F46FD
:10639C0063460D001A43D7E743460D001A43D3E773
:1063AC004B460D001A43CFE710230D001A43CBE7E1
:1063BC0053460D001A43C7E780235B000A9A68789E
:1063CC001A430A9201310D0067280AD82428A3D950
:1063DC000300253BDBB2422B9ED80D9A9B00D35871
:1063EC009F4601006939C9B20F2995D801238B400A
:1063FC009C46934B994663464A4613400C9362461F
:10640C004B461A4200D05EE20A2900D124E107294A
:10641C0082D10B9B02CB9846002900D19BE1212015
:10642C000A9A0243914610AB9C461F220F2340460A
:10643C0062440B959C46A04615000C9B0A9002E00A
:10644C00202B0CD0110064460C4020003730092C56
:10645C0000D807380133E8540A090F29F0D80C93F7
:10646C000A9B44460B9D984685E1002398460A9B5F
:10647C0045469C4600E00131AB005B195B001D18E2
:10648C000878303D0300303B092BF4D963460A935E
:10649C000023A8469A460D0001312E2800D06EE745
:1064AC0080200A9AC00002430A923022524294463B
:1064BC0068780B0084446246092A00D82EE12A2809
:1064CC0000D13DE10D00013159E7DA46A146B34652
:1064DC00B846C84503D801235B424344994643461A
:1064EC004A4651460020D847200021B0F0BCBB469C
:1064FC00B246A946A046F0BD0B9B04CB9046002AA1
:10650C0004DB68780B930D00013133E70A9A2838C5
:10651C0002430A9242465242687890460D000B9311
:10652C00013127E7672800D1C7E1472800D114E2E1
:10653C00452800D116E20A9A0721049242460B9B89
:10654C000392073352468B43190002920CC9300058
:10655C00009201930B9122003B005946FFF7A6FADB
:10656C000400E0E680239B0028E76878682800D1C7
:10657C001BE280230A9A01311A430A9223E76878B6
:10658C006C2800D109E280230A9A5B001A430A9214
:10659C00013118E7462800D18AE10A9A07210492B2
:1065AC0042460B9B0392073352468B4319000292CF
:1065BC000CC93000009201930B9122003B0059460C
:1065CC00FFF7A6FC0400AEE6631C984622003B00D5
:1065DC0059462520B0474446A5E60B9B04330C9343
:1065EC00631C99460A9B9A0700D4E7E10B9B220097
:1065FC00187859463B00B04743464444012B00D819
:10660C00B8E22B00B84625005F464C46994622005E
:10661C004346013439002020B047AC42F7D12C005E
:10662C00BB464D4647460C9B0B937CE6555E0020C3
:10663C0074B001200C5401209C54012050540120B2
:10664C0041900000DC4B28789B460023994600289B
:10665C0000D058E600243CE70B9B02CB12930B783E
:10666C009C4618005346002B00D09CE0002812D00A
:10667C0002235B420133994689444A460B00894602
:10668C00110001E08B4203D05A780133002AF9D172
:10669C0049465B1A0C938023DB0099460A9A1340F7
:1066AC000B934B461A4204D00C9B534501D95346CD
:1066BC000C93022399460A9A13400A934B461342B1
:1066CC0000D1B5E16346002B00D197E10B9B002B69
:1066DC0000D14CE1D1460B1B9A462B00A1444D46F0
:1066EC002200B9465F469B4609E04B463900541CD4
:1066FC00B0475346185D002800D158E1220095425E
:10670C00F3D15B46BB464F46A9461D004C460A9B3F
:10671C00002B00D072E1129B0B9304E655460A9AAB
:10672C00A9004919490001330D181878303D0100B2
:10673C0030390929F4D9AA460A921D00591C1EE6C3
:10674C000B9BA87804CB0235D143C9170A4092465B
:10675C000B93691C13E60A9B10211A008A43100044
:10676C0011310843814680201A00C00002401100FC
:10677C00034200D157E64B46082206935346059236
:10678C0008320392002204930C9B0292019318ABE3
:10679C002200009359463B003000FFF77BF843463C
:1067AC0004000B93BFE5002800D174E75346013B6E
:1067BC0060E7622800D1DFE1582800D1ECE10A99AA
:1067CC0080230A00DB001A4010000A00194200D195
:1067DC00BDE111239A430C920C9A802311009B006B
:1067EC0019408C461A4200D046E1802311005B0010
:1067FC00194089460B9904310A911A4200D08FE254
:10680C0013005B0600D59EE113001B0600D426E3A3
:10681C000B9B00229B5ED9175A184A4092B2D90F93
:10682C000B91002B00D177E2100010AA944642463F
:10683C001F23129252466344AA4614944D460400F8
:10684C00B946B0461F00139201E0202D0FD0200056
:10685C000A21FEF733F801357E19303131702000F2
:10686C000A21FEF72BF826000400092EEDD8129B06
:10687C0046469846139B4F46A94655469A46149C45
:10688C000C9B069343460593534604930A230393A8
:10689C000B9B02934B46019318AB22000093594675
:1068AC003B003000FEF7F6FF0A9B04000B933AE521
:1068BC0020230A9A1A430A926FE680230A9A1B0134
:1068CC001A430A9237E6782800D0AFE10A98802361
:1068DC000200DB001A4011000200184200D1D0E285
:1068EC000D239A43100003330A93802302009B006C
:1068FC001A409446184200D0ACE1802302005B00A1
:10690C001A4091460B9A04320C92184200D04AE27B
:10691C00430600D493E20B9B1B780893002B00D00A
:10692C004BE110339843002900D146E100239946EE
:10693C0043460593534604930A9B06900393002306
:10694C0002934B46019318AB2200009359463B002F
:10695C003000FEF79FFF040065E680230A9A1B01B6
:10696C001A430A9220230A9A1A430A92E3E50B1B54
:10697C009A460C9B99462B005D469B4622003B0099
:10698C002900B04753460134185D0028F6D14B4618
:10699C000C935B46AB461D00B9E6C0239B000A9ADC
:1069AC00A8781A430A92E91C0DE5C023F7E75D4667
:1069BC00BB464F46ABE6C046815300204346012BF5
:1069CC0000D8D1E0631E4344B9461D005F46A24681
:1069DC008B4622004B46013439002020B047AC4294
:1069EC00F7D15D46BB464F46A14654460B9B4A46E3
:1069FC00187859463B004444B04714E60C9BA1461A
:106A0C00984500D887E64444E41A2B00B846250084
:106A1C005F464C46994622004346013439002020FB
:106A2C00B047AC42F7D12C00BB464D46474672E608
:106A3C000C98804500D81CE243461A19131A994643
:106A4C002B004D46B9465F469B460C9122004B46A7
:106A5C00013439002020B047AC42F7D143460C99A1
:106A6C0001330C930B785D469C46BB464F46604603
:106A7C00002800D02AE64EE607220B9B07339343EF
:106A8C00013294469C4462460B920CCBD90F0A916E
:106A9C00110019435FD0D9171191109151400E91EB
:106AAC00119959400F910E980F99109A119B801AB9
:106ABC0099410E900F9110AA002394464246994694
:106ACC00129252461F336344B046AA464E46149463
:106ADC00B9460E9C0F9D1F00139201E0202E10D082
:106AEC00200029000A220023FDF726FF0136303250
:106AFC002B00BA550D0022000400002BEED1092A00
:106B0C00ECD8129B4F46B14646469846139B0E94C2
:106B1C000F9555469A46149C0C9B06934346059339
:106B2C00534604930A2303930A9B02934B46019307
:106B3C0018AB2200009359463B003000FEF7AAFE2A
:106B4C000400FFF7F0FB0B9B1B781A0067E6102381
:106B5C009A430C9240E6002399460028DCD100228F
:106B6C0000230E920F93A6E70B9B22001878594630
:106B7C003B00B0474C4656E50A9880230200DB00E8
:106B8C001A401100184200D15FE102000D239A4314
:106B9C000B3B10000A93A8E60A9880230200DB0046
:106BAC001A4011000200184200D166E10D2320208A
:106BBC009A43033310430A9397E66123820600D568
:106BCC004123DBB20A3B0B93434610A91F228C4690
:106BDC00129353466244AA46149415974C46804629
:106BEC00B14617000A9E089D139308E03033DBB2C0
:106BFC0001343B55B5420ED3202C0CD0050031008E
:106C0C002800FDF75BFECBB20929EFD90B9A94460D
:106C1C006344DBB2ECE7129B40469846139B4E460E
:106C2C005546A1469A46149C159F81E66F2800D0C4
:106C3C0037E10A990C230A009A43802310000A00BA
:106C4C00DB001A4011000A9A1A4200D021E10823F5
:106C5C000A934AE60B9AFA3BFF3B07329A430133FD
:106C6C009C46944463460B931368526808931343F1
:106C7C0012921A1E05D10023103299469043002916
:106C8C0041D16122810600D54122D2B20A3A0C923E
:106C9C004246002310A9139252468C4699461492F0
:106CAC001F330A9A6344AA46159417964C4690468D
:106CBC00B946089E1F00129D16900AE03032D2B2DF
:106CCC00002301343A55AB4211D0202C11D00600D0
:106CDC000D004246002330002900FDF72DFED2B2F4
:106CEC00092AEBD90C9B9C466244D2B2E8E7B0452A
:106CFC00EBD9139B55469846149B4F469A46A14692
:106D0C001698179E159C43460593534604930A9B6D
:106D1C0006900393002308E7002800D0B0E584E533
:106D2C000B9B1B68DA0F1100002B00D194E0DA17D3
:106D3C009818504010AA914642461F231292524670
:106D4C004B44A046AA4614970400B14665461F0062
:106D5C000B91139201E0202D0FD020000A21FDF79A
:106D6C00ADFD01357E193031317020000A21FDF75F
:106D7C00A5FD26000400092EEDD8129B444698462A
:106D8C000B9BAC461900139B55464E469A46149FD6
:106D9C000C9B0291069343460593534604930A2396
:106DAC000393634677E50B9B1B680893002B03D179
:106DBC0010339843002937D16123820600D5412333
:106DCC00DBB20A3B0B93434610A989461F22129350
:106DDC0053464A44AA46B1461494159764468046D5
:106DEC001700089D0A9E139308E03033DBB2013480
:106DFC003B55B5420ED3202C0CD005003100280099
:106E0C00FDF75CFDCBB20929EFD90B9A944663448C
:106E1C00DBB2ECE7129B40469846139B55464E4618
:106E2C009A46A446159F149C4346059353460493D7
:106E3C000A9B0690039300230293634682E50306A4
:106E4C0013D50B9B1B88089368E502000C239A430F
:106E5C000A3B10000A9348E5002899D16AE70B9B7E
:106E6C001B68D9175A184A40D9E40B9B1B68089326
:106E7C0054E5030001330C93F9E520230A9A1A43D5
:106E8C000A920C230A9A00219A43043310000A93A5
:106E9C002BE50A9B0C9308230A930D230C9898431B
:106EAC0023E510230A9A9A430C9269280AD10A996D
:106EBC0080230A00DB001A4010000A00194200D19E
:106ECC008AE486E40A991C230A009A438023100062
:106EDC000A00DB001A4011000A9A1A4202D10A2356
:106EEC000A9302E50A230A93D7E7C0460EB401229F
:106EFC0030B584B007AC08CC064D010000942800D6
:106F0C0052420394FFF7E6F904B030BC08BC03B05E
:106F1C001847C0467953002010B5094A030014687D
:106F2C0084B0002C08D0012200910648524203A9DB
:106F3C00A047012004B010BD00F0D8F90020F9E7FB
:106F4C0074B001201D56002000BEFDE7094A030065
:106F5C001068002805D00849C3188B4207D8136065
:106F6C00704706480449C31810608B42F7D90120BA
:106F7C004042F5E770AC012000000420D0B00120A5
:106F8C0000207047012040427047C046030010B5F6
:106F9C0008001100002B05D1044B1A685B6800F047
:106FAC0017F910BD01204042FBE7C04610530120E9
:106FBC000300013B10B508001400012B06D8012377
:106FCC000022210000F084F8200010BD0120404276
:106FDC00FBE7C046012040427047C04601204042BA
:106FEC007047C046012040427047C0460300022251
:106FFC0000209A424041704710B5FFF7A5FFC046EC
:10700C0070B5FDF747FB074D074EB54209D200247A
:10701C00013E761BB60808CD984723000134B342D5
:10702C00F9D170BD0479012018790120030010B545
:10703C00080011001B68984710BDC046F0B5C64645
:10704C0000B5437D07000D001600002B38D0002A38
:10705C002EDD00216A1E90466A5C037D4C1C0020CC
:10706C000A2A0CD0A64216D043461B5D21000D3BCC
:10707C005A4253416A5CDBB24C1C0A2AF2D1002BF7
:10708C00F0D1814217DC022110483B689847A64298
:10709C0007D02000E8E7864203DD311A3B68281848
:1070AC009847AD19013D2B780D3B5A4253413B7526
:1070BC0080BCB846F0BD091A3B6828189847E2E72F
:1070CC000368110028009847F2E7C046F8550120E4
:1070DC00F0B5DE4657464E464546E0B585B017003E
:1070EC001C0006000D00FCF7CBFD0023314A1218E2
:1070FC004B41802109068B4202D301222E4B524276
:10710C002E4908008A460DF07BFB01906B1C03D1C5
:10711C0030000CF03FF80500002C26D0284B984688
:10712C00284B1C68002C15D0002F21D1264F02E0D3
:10713C002469002C0ED02368002BF9D03B68002B5F
:10714C0001D0A342F4D120002A003100C0472469A9
:10715C00002CF0D1019B002B28D1280005B0F0BCED
:10716C00BB46B246A946A046F0BD184B9846D7E799
:10717C00154B994602ABDF1D0A239B4602E024699E
:10718C00002CE7D02368002BF9D04B461B68002B52
:10719C0001D0A342F3D12A0031002000C0475B4646
:1071AC000122390020003B70C047E8E750460DF043
:1071BC00BDFBD2E740420F00FFFFFF7FC0780120EC
:1071CC00BD6B002060AC01206CAC0120AD6B0020CD
:1071DC00F8B557464E464546DE4698461A4BE0B53E
:1071EC009B461A4B07000E0091469A46184D5B467B
:1071FC001C68002C03D115E02469002C12D02B68DC
:10720C00002B01D0A342F7D1A368002BF4D031009E
:10721C00380098470028EFDDF0BCBB46B246A946C3
:10722C00A046F8BD53465B6A984508D85246926A08
:10723C004A4502D302204042EEE79845FAD101209C
:10724C000021FCF727FDD2E760AC0120004005408F
:10725C006CAC0120F0B5CE46474680B583B06B468A
:10726C000600DD1D2870FCF70BFD00231A4A1218CE
:10727C004B41802109068B4202D30122174B52420B
:10728C001749080088460DF0BBFA164B81461C685E
:10729C00002C14D0144F02E02469002C0FD023686A
:1072AC00002BF9D03B68002B01D0A342F4D1200075
:1072BC0001222900FFF7C2FE2469002CEFD14B46B6
:1072CC00002B05D1300003B0C0BCB946B046F0BDB0
:1072DC0040460DF02BFBF5E740420F00FFFFFF7F10
:1072EC00C078012060AC01206CAC012070B50400AA
:1072FC000BF050FF01230100050001222000FFF7D5
:10730C00E7FE084B1C68002C06D06368002B05D0E8
:10731C0098472469002CF8D1280070BD2469002CF2
:10732C00F3D1F9E760AC012000207047F8B500F00C
:10733C0043F90C23194DFF22AB6705201849FCF7C4
:10734C0047FD184C402200212000FEF745FA40274B
:10735C00002301262121144A66702783A260136042
:10736C0063545F31618445396354104A104963603A
:10737C00E2602787A1620B606362E2620DF0EAFAB9
:10738C0080239B052E64EB6490230A4A0120EA506B
:10739C008022094B5202DA64F8BDC046000011503D
:1073AC00D545012074AC0120840010500001105010
:1073BC008000105010D001000020115010B5012198
:1073CC000520FCF7BDFC10BD10B5002200210248C1
:1073DC0000F012F910BDC04694AC0120044B19709A
:1073EC00002904D080219023024A8902D150704791
:1073FC00C9B00120002011500B785B0602D14B78EC
:10740C00052B00D070478A78014B1A60FAE7C0460A
:10741C0000001150F0B5C646C87800B58007830F40
:10742C001800012B60D08F780A794B797F21394075
:10743C00FC091B024E001343334D32195201AA189A
:10744C00977001276740577000275B055B0DD7705D
:10745C001383D076B846CA00012C32D02B4FBC46D1
:10746C008F016244BC46AC446746BA60474617601D
:10747C00002932D0264AC9009046624641445160E8
:10748C003F223F339343022837D0224937190A68E9
:10749C007F01D3180B602049EF19FA608B422ED86C
:1074AC0036197601AD19EB7E1C499B064A401343F5
:1074BC008022120613436A681360012080BCB84610
:1074CC00F0BD174FBC468F016244BC46AC446746C6
:1074DC00BA6247461760002908D1002364012C19B1
:1074EC006360104BE360E8E70020E7E70B4AC90054
:1074FC009046624641445162C2E75B00C5E7FDF726
:10750C00C3F8FA68CCE7C04674AC01208400105074
:10751C000400105084B00120FF0F105000001050D8
:10752C00800010500001105010B50DF013FA10BD72
:10753C0010B57F200C0020404000E4091100001918
:10754C001A00034B4001C01800F056F8012010BD82
:10755C0074AC01207F23180010B50840CA090B42F7
:10756C0003D107497D3B9B1A8B6640008018802213
:10757C00044B40010021C01812010DF01FFE10BD7C
:10758C000020115074AC01207F22130010B50B4069
:10759C000A4200D110BDC9095B005B1804485B01AD
:1075AC00C018002300220349C3700DF007FEF1E759
:1075BC0074AC0120FFF7FFFF80220A4B520410B578
:1075CC001A60094B09491A6010000B689843FBD1EB
:1075DC008022002152010648FEF7FEF80922054BD5
:1075EC005A6710BD00E0004000F0004008C00040A9
:1075FC000000105000001150002310B5C38201335D
:10760C0082828376016104000DF0A4FD002804D071
:10761C0080219023074A8902D15020000DF0AEFD45
:10762C00002802D00123237710BD20000DF0EEFDC1
:10763C00FAE7C04600201150002070477047C04642
:10764C007047C046002070470020704700207047EC
:10765C007047C0467047C0467047C0467047C0462A
:10766C00F0B5D6464F464646C0B52F4B07009A4656
:10767C001B780E00FF2B01D0012041E000293ED0E9
:10768C00002154222948FEF7A7F80022284C294B48
:10769C0020001A70FCF71CFE274B1C60274C2000A6
:1076AC00143CFCF723FE200001F0CEFB244B254DAF
:1076BC001C60254B002B28D0280000E000BF234B7A
:1076CC0018602B78224A00249146204A90460EE0FE
:1076DC0043461B6862019B18002B10D05B68002B83
:1076EC000DD0984701342B78E4B2A3420FD39C42BF
:1076FC00EED3E31A5B014B445B68002BF1D1002005
:10770C00E0BCBA46B146A846F0BD2B78DAE7534642
:10771C00310038001F70FFF709FE0028EFD0380049
:10772C00FFF74CFE0120EBE75C73012014AA01204B
:10773C000CAA0120CAB0012068AA012054730120B0
:10774C006CAA0120C8B001200000000028A801206C
:10775C0000570120F0B5DE4657464E464546E0B58B
:10776C00CD4B91B003931B78FF2B00D13FE1CB4B5A
:10777C00CB4E9B465F46CB4B0DAC0293CA4B019351
:10778C0035686A69EFF3108172B61368002BFCD070
:10779C00BFF35F8FA9612800210001F093F96A699A
:1077AC00AB69BFF35F8F0021116083F31088002851
:1077BC0000D11CE16378082BE2D89B00FB589F4654
:1077CC006368002BDCD0A0689847D9E77F22217929
:1077DC00B44D0A405300EB189846C8098044404603
:1077EC000123303005799D430571057903339D43A1
:1077FC000571002A00D101E14346AC4A1B7D127889
:10780C00934200D3F1E0AA4A5B011568ED18002DF4
:10781C0000D1ECE0A36862792078AD69A847AFE7A6
:10782C00A44A1378002B00D1E1E01378013BDBB2C2
:10783C0013701378002BA3D101229A4D01212B78C0
:10784C00042013432B703423EA5C8A43EA54EA5C29
:10785C008243EA540133EA5C8A43EA54EA5C824389
:10786C00EA54237800209B4600F044FC60222379E4
:10787C001A40602A0DD0402A00D1CEE0DB06DB0E88
:10788C00012B00D11EE1022B00D1E0E0002B00D136
:10789C00CFE020780021FFF75DFE80212078FFF7F4
:1078AC0059FE6DE77F4D2B78DB0700D468E7FFF7B7
:1078BC00D5FE65E7029BDB78DB0700D460E76068E8
:1078CC00FFF7BEFE5CE7774D2B78DB0700D457E75C
:1078DC0028780007C00FFFF7BFFE51E72378724AE4
:1078EC0099469346714B724A984692463A00002547
:1078FC0047461B78B0464E4691460EE053461B68F1
:10790C006A019B18002B00D17EE0DB6830009847A1
:10791C0001353B78EDB2AB420CD39D42EED3EB1A62
:10792C005B015B44DB683000984701353B78EDB276
:10793C00AB42F2D25B4D542200212800FDF74CFFE4
:10794C001022FF21281DFDF747FF28002022FF21D0
:10795C00143046464F46FDF73FFF00F0C1FB23793C
:10796C00AB700DE72378524A9946504B9246984695
:10797C003200BB464E460025474691461B780DE02B
:10798C0053461B686A019B18002B41D0DB68300002
:10799C00984701353B78EDB2AB420ED3AB42EFD8F2
:1079AC00019AEB1A94465B016344DB6830009847FC
:1079BC0001353B78EDB2AB42F0D2029D542200214E
:1079CC002800FDF709FF1022FF213B48FDF704FFBB
:1079DC0028002022FF2114304E465F46FDF7FCFEA6
:1079EC0000F07EFBFFF736FECAE6934213D011B0CF
:1079FC00F0BCBB46B246A946A046F0BDA36862796E
:107A0C00207800F08BFBBBE646464F46254DA4E79D
:107A1C004E465F46E4E7244DFCE6284800F06AFB3E
:107A2C00012158460EAAFFF707FE002800D0A7E652
:107A3C002FE7202A00D146E1002A00D029E76379FC
:107A4C00092B00D925E71E4A9B00D3589F4670236B
:107A5C00217A0B4200D01CE7C80982460F330B4039
:107A6C005B0098461148EB1853441B7D0078834209
:107A7C0057D300D041E10C4B9946002A00D141E18B
:107A8C004B46586900F036FB4B46012158465B6962
:107A9C000EAA9847C9E7C0465C73012058560120CE
:107AAC006CAA012014AA012000570120C8B00120A3
:107ABC0028A80120CAB0012018AA0120B971002001
:107ACC007C560120237A0F2B00D9E2E6D44AEB181E
:107ADC001B791278934231D300D0DAE6D14D686924
:107AEC0000F008FB012158466B690EAA9847002844
:107AFC0000D045E66022150023791D401A4200D0C3
:107B0C00C7E663790A3B012B00D9C2E600F0F2FA12
:107B1C0063790A2B00D179E158460EA900F074FA6A
:107B2C002EE6C1485B01006881469944002A00D1C9
:107B3C00E8E04B46002B00D1ABE6A1E7BA4A5B016B
:107B4C001568ED18002DCAD1A3E6A37999466B7878
:107B5C009945E1D06B78002B00D02AE14B466B7035
:107B6C00002B00D122E148460138C0B2FBF748FB9C
:107B7C00002800D174E143780793022B00D06FE109
:107B8C000122C179B1468B11491113400A403021B1
:107B9C0012015B0113432A78A8468A4313432B70C6
:107BAC0009239A4682445646BA46C37882781B0209
:107BBC001343C31805939A4B04939A4B08939A4B0F
:107BCC0009939A4B0A93059BB34200D84BE1737807
:107BDC0001220B2B03D13378F278F6187378042B2F
:107BEC0000D03AE1059B00279B1B9BB20693049B9C
:107BFC000B921D7819E0099A7B011568ED18002D80
:107C0C0000D12AE1310058462B69069A98478446E0
:107C1C00082803D9069A824200D30BE1049B013752
:107C2C001D78FFB2BD4200D217E1AF42E3D3089BEF
:107C3C007D1B9C466D016544E4E76B780CAA02320F
:107C4C001370584601230EA900F0F4F998E5E38867
:107C5C001A0AD8B20F2A00D91BE675499300CB58E3
:107C6C009F460EA800F04CFA5846A179FFF7ACFBE2
:107C7C0002222B7813432B7082E5E388012B00D072
:107C8C0007E608222B78584693430EA92B7000F078
:107C9C00BBF975E5022029780CAB9A1C8B06890878
:107CAC00DB0F01400B431380584602230EA900F052
:107CBC00C1F965E5E388012B00D0EAE508222B78B1
:107CCC0013432B7028E7237A0F2B00D9E1E5544A94
:107CDC00EB181B791278934228D2534A5B01156832
:107CEC00ED18002D00D1D4E5686900F003FA0121EC
:107CFC0058466B690EAA984797E6002A00D0C8E54B
:107D0C000023994662790220130004928343012BCD
:107D1C0011D0002A00D0BCE52B004344534430332F
:107D2C001B790CAA9B07DB0F0232BCE7934200D0F5
:107D3C00AFE53C4DD8E7E388002B12D1039B1878B4
:107D4C00049B012B23D0FFF705FC43460221EB18C3
:107D5C00534430331A790A4301211A711A790A43B0
:107D6C001A714B46002B00D10AE5586900F0C2F994
:107D7C004B4601215B690EAA58469847002000F03B
:107D8C00B9F93523EB5CDB0700D5F9E4C4E6FFF762
:107D9C00FBFB43460221EB18534430331A798A43D8
:107DAC001A711A7904998A431A71DAE7FFF752FCAF
:107DBC00B2E600215846FFF711FB5846FFF7B4FB1B
:107DCC0000229246174AAB780592174A0493069202
:107DDC002A00134B5546984692461B780EE0069B9C
:107DEC006A011B689B18002B56D0DB6858469847D5
:107DFC00434601351B78EDB2AB4239D39D42EED3ED
:107E0C00059AEB1A94465B016344EEE70CAB9A1CA3
:107E1C00584601230EA9157000F00CF9B0E4C046C9
:107E2C00C8B001200057012028A8012028AA012051
:107E3C00A45601200B9A012A4DD0002A3CD00023D5
:107E4C00B07804E00133DBB20F71934234D2C11825
:107E5C00C9B241440D79FF2DF4D04E4645465746E4
:107E6C0000236B7015E54E465746FFF7F1FB53E6C2
:107E7C005546542200212800FDF7AEFC1022FF21AC
:107E8C00281DFDF7A9FC28002022FF211430FDF746
:107E9C00A3FC049BAB7061E65546FAE7FFF7D2FBF7
:107EAC00021E00D1F5E4D37891781B020B4358469F
:107EBC000EA900F0BFF8B8E565463B0031002A007A
:107ECC000A9800F083FDAC46049B66441B78BB42C9
:107EDC0000D378E6C1E7174B29699942AFD1079ACD
:107EEC00ADE7FFF7B1FB021E00D1D2E45846137880
:107EFC000EA900F09FF898E52189FBF785F9021E81
:107F0C00F4D1C6E4022A0FD0FFF7A0FB021ECAD19F
:107F1C00BFE4FBF771F9021E00D1BAE412235846F4
:107F2C000EA900F087F880E5FBF76AF9021EBAD1BA
:107F3C00AFE4C046C1810020702270B5094B0C0023
:107F4C001D788B781A4201D0002070BD064B2000A2
:107F5C00997800F0FDFC0028F6D021002800FFF7EE
:107F6C0059FAF2E75C73012014AA01200B007F2060
:107F7C0010B51840DB0934334000044AC018044BD8
:107F8C001168C01800F0A0FC10BDC04668AA012002
:107F9C0014AA01200B007F2010B51840DB093433E4
:107FAC004000044AC018044B1168C01800F0B4FC1F
:107FBC0010BDC04668AA012014AA012070B57F2408
:107FCC000F480C4064000419CD0964193034207931
:107FDC00C00701D5002070BD01262579094835431D
:107FEC0000782571FFF7A4FA0028F4D10122237937
:107FFC00934323712379033293432371EAE7C046F9
:10800C0014AA01205C73012070B5094C06000822EB
:10801C0020000D00FDF7E6FB00238021E360A36048
:10802C002B783000994300220023FFF7C7FF70BD67
:10803C006CA80120F8B5CE4647469046264E80B532
:10804C008146082230000D001F00FDF7CBFB434694
:10805C00B3600023F381EC79AB7924021C43231C1D
:10806C00BC4200D93B1C9FB2B381002C0ED0002F18
:10807C0018D04346002B2CD03B1C402F1BD89FB252
:10808C0033787F2B1CD80021144A0FE080212B78E9
:10809C000022994348460023FFF790FFC0BCB94625
:1080AC00B046F8BD7F230022317899433B00484607
:1080BC00FFF784FFF2E740239FB233787F2BE2D99E
:1080CC00064C3A0041462000FDF78CFB8021220033
:1080DC00ECE70020E2E7C0466CA801202CA80120A8
:1080EC0010B5142200210248FDF776FB10BDC046E6
:1080FC006CA80120014B18617047C0466CA8012088
:10810C0010B5054C010008222000FDF76BFB002385
:10811C00A360E36010BDC0466CA8012070B5384C5C
:10812C001D0023780600DA09C9098A4210D0002004
:10813C00002D00D070BD21003000FFF75DF92369E0
:10814C00002B03D022000321300098470120F1E7D7
:10815C00A0687F2B05D8002834D02A002949FDF7C8
:10816C0041FBE289A1685219E38892B24919E28174
:10817C00A160934214D03F2D12D9A389981A051CE3
:10818C0080B240282AD82078ADB27F2828D8002188
:10819C009A4232D01B4A2B003000FFF70FFFC9E781
:1081AC002369002B05D022000221300098470028BB
:1081BC000AD0802123780022994330000023FFF756
:1081CC00FDFEB7E70020B5E700213000FFF7C2F94C
:1081DC0030008021FFF7BEF90120ABE74025D2E744
:1081EC009A4207D0074C2A002000FDF7FBFA8021A9
:1081FC002200D0E780210022CDE70022CBE7C04649
:10820C006CA801202CA80120F8B5C82545432E00E8
:10821C00144F2436F6190400300000F027FC002817
:10822C0001D10020F8BD7F1900207978FFF79EFE60
:10823C000028F6D00C4BE401E41821004022300059
:10824C0000F08EFC7978051E08D003002200002077
:10825C00FFF7B4FE0028E4D02800E3E70020FFF786
:10826C0099FEDEE740A90120C0A80120C8224243A4
:10827C00054B00209B185A78002A03D09878431E8F
:10828C009841C0B27047C04640A9012070B5C825BE
:10829C0045432800054C1030001900F0E7FB641929
:1082AC00A37B627B9B1ADBB2181870BD40A901201E
:1082BC00F0B557464546DE464E46E0B583B090468F
:1082CC001F1E019054D0C82343431A000932924612
:1082DC000732934600223B4E9146B244B344F61803
:1082EC00B37B01E0002F45D0002B1ED0717B5B1AB5
:1082FC00BB4200D93B00FF240131DDB251441C408C
:10830C00BC4235D840462200FDF76CFA737BA14481
:10831C00ED18B37BEDB27573A0443F1B9D42E1D1C8
:10832C0000237373B373002F24D0B378002B21D0A8
:10833C0004225146584600F013FC0400584600F045
:10834C00ABFB3F281ED8042C14D10F23727A134098
:10835C000122110099400B001B490B422AD1032129
:10836C00194205D11948034221D10323B173BDE74A
:10837C0000239946484603B0F0BCBB46B246A9461A
:10838C00A046F0BD0020B178FFF7F0FD0028DAD050
:10839C00584600F081FB3F280FD9019B0C4ADB01AA
:1083AC009A18B17840230020FFF708FECBE7012391
:1083BC00B2739BE70223B37398E7B1780020FFF701
:1083CC00E9FDC0E740A901204430000020800000F6
:1083DC0000A90120F0B557464E464546DE46E0B5AD
:1083EC001E006A4B90469A46C82352464343D41803
:1083FC00627887B00390002A00D19CE0002E56D002
:10840C000A011F000592D2B2914642460025B046A1
:10841C000333243704935344574402930192380096
:10842C0000F03AFB032800D887E0019B5A5DE37902
:10843C000135002B27D10221E0780F33E171227135
:10844C000340042B45D09E2301261009DB01C340B9
:10845C00B4461E40B34666461E4234D103000C3B64
:10846C00012B62D90F286ED00F23059A02201343DB
:10847C00E3705B466371A371C823039A53430222D2
:10848C0053441A723CE0032B15D8E118CA70E178FA
:10849C00581C8C460F216646C0B2E071314004294D
:1084AC0025D0237A984229D0A845B8D146460398BE
:1084BC00FFF7AAFE3500280007B0F0BCBB46B24659
:1084CC00A946A046F0BD4B4618430423E070237226
:1084DC00EAE7F72AFBD10523059A02201343E37040
:1084EC00C823039A5343022253441A7208E0F72A12
:1084FC00D7D14A4604331343E3702072042809D0C1
:10850C00049B04229C46121A60440021D2B25044AF
:10851C00FDF762F904223800029900F0D9FB002320
:10852C002372E3710428BFD0C5E74B4618430323DD
:10853C00E0702372B8E70025BDE72E000398FFF723
:10854C0063FE3500B7E7F02A0CD013008B43F12BF8
:10855C0015D0F22A0CD00523059A02201343217260
:10856C00E370CDE70423059A23721343E3709BE772
:10857C00042323720323059A1343E37094E7032324
:10858C0023720223059A1343E3708DE740A901205F
:10859C00F0B5154C83B0C82200212000FDF71CF962
:1085AC000025210020000123402238310095103095
:1085BC0000F026FA2700210020002600012340228B
:1085CC007831B8370095243000F01AFAC0363800EC
:1085DC00FBF77EFE3000FBF77BFEE561276226632E
:1085EC00656303B0F0BDC04640A901200A4B196B6E
:1085FC001A6A002909D0002A0CD000221A621A63C8
:10860C00DA6100225A6301207047002AFBD0D9613D
:10861C001962F8E71A63F4E740A9012010B5074C7A
:10862C00102200212000FDF7D7F82000103000F0B8
:10863C000BFC2000243000F007FC10BD40A90120E9
:10864C00F0B54646D6464F46C0B54B7905001600E8
:10865C00012B02D18B79012B06D000273800E0BC0E
:10866C00BA46B146A846F0BDCB79002BF5D10B78B4
:10867C00CC186178242907D009E021786418CB182C
:10868C0061789BB2242902D1B342F6D9E5E70429DB
:10869C00E3D16279012AE0D1A279032ADDD1E27912
:1086AC00002ADAD12E4A9246927891465246527856
:1086BC00002AD2D14A46002ACFD15146A2780A705C
:1086CC00227821799046D3189FB2A044002907D173
:1086DC0024E043461A78D719BFB2904489451DD27D
:1086EC00BE421BD343465B78052BF2D14146280092
:1086FC00FFF722FC0028B0D043469B78DA09012A08
:10870C0026D05246937043461A784B460133D719FC
:10871C00DBB299462179BFB29044DAE7114C2000C4
:10872C0000F0BAF93F2899D92500103D0020A9780E
:10873C00FFF71CFC002891D0200000F0ADF93F2879
:10874C0009D94023084AA9780020FFF737FC85E7B0
:10875C0052465370D7E7A9780020FFF71BFC7DE742
:10876C0040A9012050A9012000A901200020704738
:10877C00F0B5C6463C4C1D00A278060000B56378E7
:10878C008A4205D000208B422CD080BCB846F0BD6C
:10879C002000364EAAB23100103000F099FA344B5A
:1087AC00002B02D0002000E000BF324C200000F073
:1087BC0073F93F2801D80120E7E72500103D002080
:1087CC00A978FFF7D3FB0028F5D0200000F064F95E
:1087DC00A9783F283ED9402332000020FFF7EEFB5A
:1087EC000120D2E727002437380000F03FF9002899
:1087FC0018D1214C200000F039F90028DBD1002DD4
:10880C00D9D0AD06D7D1243C30006178FFF7AEFB50
:10881C000028D0D0002330001A006178FFF7CEFB7F
:10882C000120B2E700206178FFF7A0FB0028E0D020
:10883C00124B402219003800984600F091F96178EB
:10884C00031E0CD042460020FFF7B8FB0028D0D006
:10885C0001209AE70020FFF79DFB012095E70020FF
:10886C00FFF798FBC5E7C04640A9012000A90120ED
:10887C000000000050A9012064A90120C0A801201B
:10888C0000B5030083B0002910D00020012B07D8BD
:10889C000A78002A04D00B48C2540120012A01D0C6
:1088AC0003B000BD1800FEF7DBFEF9E7012301A9B8
:1088BC0000200B80FEF7D4FE0028F1D00122014BE2
:1088CC001A70EDE708AA0120037870B5DB070400E5
:1088DC000E00DD0F002B17D103785B0701D52800A4
:1088EC0070BD0121300049420BF0D8FF2378DB0723
:1088FC00DD0F002B0AD123785B0708D404222378E0
:10890C0001251343237002E00025E8E70025300021
:10891C000CF00CF8E3E7C04670B50C000121060022
:10892C00494220000BF0BAFF33785B07DD0F002BB8
:10893C0004DB20000BF0FAFF280070BD3378DB0756
:10894C0004D40422337893433370F2E70025F0E724
:10895C00437902791B0213435B055A0DC3789B07BD
:10896C009B0F022B05D0032B15D00020012B08D018
:10897C00704702291ED00020402393424041C0B2D0
:10898C00F6E702394B4259410D4B9C4661449142EA
:10899C004041C0B2ECE702394B1E9941094B4942A8
:1089AC0019408023DB009C460020614491424041E9
:1089BC00C0B2DDE7044BD01843425841C0B2D7E7F0
:1089CC00FF03000040FCFFFF00FEFFFF8A1870B59C
:1089DC00914207D27F264C78052C04D00C780919CB
:1089EC008A42F8D870BD34008D782C40640004198C
:1089FC00ED0963550C7809198A42ECD8F2E7C046A8
:108A0C00F0B5C64600B5040006A805788020884657
:108A1C0017001E000002824226D8E068002803D00E
:108A2C00012149420BF03AFF2069002803D00121B3
:108A3C0049420BF033FF4346236073045B0CED0398
:108A4C001D430023E0686381A780E5802381002813
:108A5C0001D00BF06BFF2069002801D00BF066FFF2
:108A6C00012080BCB846F0BD0020FAE710B504899F
:108A7C0041898288A3B288B28C4207D31B1A9BB25D
:108A8C00101C9A4200D9181C80B210BD5100091A52
:108A9C005B189BB2F4E7C04610B504894189828803
:108AAC00A3B288B28C4207D31B1A9BB200209A4205
:108ABC0001D9D21A90B210BD5100091A5B189BB2A1
:108ACC00F4E7C04670B5040000690E00002803D01E
:108ADC00012149420BF0E2FE25896089A288A9B2E6
:108AEC0083B285422BD3CD1AADB2002D2DD0AA4224
:108AFC0008D291422FD3891A8BB263819A4203D840
:108B0C009B1A9BB29A42FBD9E28821685204520C00
:108B1C0053433000C918FCF765FE63890125591CC5
:108B2C0089B2A2888B4212D95200891A89B2206963
:108B3C006181002801D00BF0F9FE280070BD5500B2
:108B4C00ED1A4D19ADB2002DD1D1618989B2520007
:108B5C009142ECDBE9E789188BB26381CEE7C04622
:108B6C00F0B546464F46D646C0B506000069894664
:108B7C009046002803D0012149420BF08FFE318929
:108B8C007289B5888BB294B2914254D31F1BBFB279
:108B9C00002F4AD0BD4205D2AB4251D25B199CB2D8
:108BAC002F0074814346B8453DD89FB2A54203D8E7
:108BBC00641BA4B2A542FBD9F28831685204520C52
:108BCC00904662432B1B9BB2891842469F4225D983
:108BDC0053439BB21A0048469A46FCF703FE4346A1
:108BEC0048467D1B64195C4331685044A2B2FCF7C3
:108BFC00F9FD7189B588CB199BB26A00994216D9D7
:108C0C009B1A9BB230697381002801D00BF08EFE49
:108C1C003800E0BCBA46B146A846F0BD48467A4397
:108C2C00FCF7E0FDE5E73B1CBFE773899BB26A00EC
:108C3C009342E7DBE4E76F003F1BDF19BFB2A7E706
:108C4C005B1B9CB2ACE7C046F8B50400C0680E00D4
:108C5C00002803D0012149420BF020FE25892089F0
:108C6C006189A288ADB283B28FB2884228D3DB1B54
:108C7C009BB29A4209D8E779FF0906D1E06800282F
:108C8C0001D00BF053FE3800F8BD2B00954203D3F6
:108C9C009B1A9BB29342FBD2E28820685204520C7E
:108CAC0053433100C018FCF79DFDA2886B1C9BB28E
:108CBC0052009D4209D99B1A9BB201272381DDE703
:108CCC005100C91B5B189BB2D3E79342F5DBF2E76B
:108CDC00F0B557464546DE464E46E0B51400050055
:108CEC000F0083B0002A75D0C068002803D0012182
:108CFC0049420BF0D3FD2E89E9796A89AB88B6B26B
:108D0C0092B2C90945D1964200D36DE059008A1A36
:108D1C00B21892B2002189469A4234D29A1A111C86
:108D2C0092B2A24200D9211C8AB29146EA8852041E
:108D3C00520C90464A46B21892B292464A46D21A01
:108D4C0092B2934634009E4203D3E41AA4B29C42DE
:108D5C00FBD24246624328681B1B9BB280184246DA
:108D6C004B4554D34B4639005A43FCF73BFDAB887B
:108D7C005B00564501D89A4503DB5246D31A9BB289
:108D8C009A4653462B81E868002825D00BF0CEFD7F
:108D9C0022E0E9884904490C88469C4227D2964235
:108DAC0047D3B11A89B28C465800E11A89B28B4666
:108DBC0061460919814208DBD11889B20E1BB6B283
:108DCC008A46B2423BD9361AB6B2A21992B2924630
:108DDC00A146B7E700239946484603B0F0BCBB4612
:108DEC00B246A946A046F0BDB21A92B292E7002153
:108DFC008946002BC7D04146E41A4C431600D118C3
:108E0C00002289B28A46994693463F199AE7534302
:108E1C009BB21A0039005C440193FCF7E3FC414619
:108E2C0022004A43019B286892B2F918FCF7DAFC3D
:108E3C009DE75800811A711889B28C46B5E7A14696
:108E4C00B04200DD7EE7BEE710B50400C068002824
:108E5C0003D0012149420BF021FD2069002803D0E9
:108E6C00012149420BF01AFD0023E0686381238144
:108E7C00002801D00BF05AFD2069002801D00BF01E
:108E8C0055FD012010BDC04610B5064B064C82B0F6
:108E9C000100009300220B232000FAF76BFA02B0BA
:108EAC0010BDC04620570120C0B00120030011495D
:108EBC00820151180868D90241400F4810B5014091
:108ECC000E48A02410180160012098400C4BE405BA
:108EDC0018600C4B802118600B4B4904E0500B4B75
:108EEC009C46624413680B42FCD18023DB00E050AB
:108EFC0010BDC0461000005001780000101000504A
:108F0C000434005014340050440400000C00005091
:108F1C00F0B557464E464546DE46E0B5060087B0EE
:108F2C00029200221C00049310AB18783368119D38
:108F3C00DA6601325960129FDA660590221E00DC57
:108F4C00A5E0013A01920122424052020392002D07
:108F5C0003D001213800A84733680022924693467B
:108F6C009146103290463479A4024A4601994846FB
:108F7C00521A51424A41039952420A400299095CE1
:108F8C0021430A4300241A61002D05D138E04146E3
:108F9C0033685A6B114216D100213800A84704439C
:108FAC00E4B20028F3D0834642D101239C46049BB3
:108FBC00E1444B451AD00024002D48D00121380043
:108FCC00A8473368D1E780229A589246002A40D1AC
:108FDC00002C40D1019A914551D000239A469B46D2
:108FEC0001239C46049BE1444B45E4D14846059B38
:108FFC00337107B0F0BCBB46B246A946A046F0BDE3
:10900C005A46002AD1D141465A6B1142FBD08022DC
:10901C009A589246002ADDD001245A6D802189008D
:10902C005A6B0A42FCD01B6E0023201E9B46BCD000
:10903C005B46002B1FD15346002B04D0DB0702D418
:10904C0053461B07D2D401235B429946CEE73368C3
:10905C008BE701245B6D80239B009B4604E0594603
:10906C0033685A6B0A42DED100213800A84704430A
:10907C00E4B20028F3D002235B429946B6E7059A86
:10908C00002AAAD10024002D04D19246C6E7002361
:10909C009946ABE700239A46DDE7C046F0B54E464D
:1090AC004546DE465746E0B585B002920EAA1278C8
:1090BC000500019202680020D066516001210F9CCE
:1090CC00109E0393D166002B6EDD013B9B46002363
:1090DC0099460133FF339A46803B98464027002C33
:1090EC0041D001213000A04749462A68536F102B0C
:1090FC00FCD000239C46002902D12B799B029C4674
:10910C00594549D05046634603431361002C2CD07B
:10911C0089464346D358536B1F420FD00021300071
:10912C00536DA047C34399464846019B2B7105B02C
:10913C00F0BCBB46B246A946A046F0BD00213000AB
:10914C00A0470028EED12A68936F002BE1D0494646
:10915C001369029A535401239C46039BE1444B45EB
:10916C00E2D0002CBDD14946BFE7802340209C466D
:10917C006346D358536B184202D00020536DD1E78D
:10918C00936F002BF4D01369029A5354039B013153
:10919C009942AAD18946C7E70120019B58406346F2
:1091AC00400203439C46ADE700239946BCE7C0460A
:1091BC00F8B5DE4657464E4645468346E0B5052093
:1091CC000C00FBF7EDF90600600821008019FBF795
:1091DC0075FB430098468044070005214046FBF789
:1091EC006DFB3B1A9A461E4B8146700080199C42BF
:1091FC0031D81C49FBF762FB451C5B461C680023FD
:10920C00E366226804335A40023313408022520131
:10921C00A21813605346E3614B4623624346012078
:10922C004F2B03D950214046FBF748FBA023E050BD
:10923C00E36F39005D400C4B2D042D0CE3181D60C1
:10924C0001233000E366FBF739FBF0BCBB46B246AA
:10925C00A946A046F8BD0549FBF730FB451CCCE7F9
:10926C003F420F00809698007C10000040787D01F2
:10927C00104A70B5821A53425A41072352429A43FC
:10928C000D4B10321A600D4B0D4C1A6015002368F3
:10929C009D432B1EFAD166240268FF340571D566F6
:1092AC001460633C8833FF3CD5639563D450FFF75F
:1092BC007FFF70BD6073012000E0004000F00040B3
:1092CC0008C00040F0B5CE46474680B589B01F00B7
:1092DC0010AB1B780400994604AB98461600129A02
:1092EC00139B40460D00FAF7B3FC434602934B46E2
:1092FC000190009332003B0029002000FFF708FE8C
:10930C0009B0C0BCB946B046F0BDC046F0B5CE46BB
:10931C00474680B589B01F0010AB1B7804009946F6
:10932C0004AB98461600129A139B40460D00FAF7B0
:10933C008FFC434602934B460190009332003B0056
:10934C0029002000FFF7AAFE09B0C0BCB946B04600
:10935C00F0BDC04601230121084A1360084A13607E
:10936C00084A080013689843FBD1074A1160802112
:10937C00490013680B42FCD07047C04600E0004027
:10938C0000F0004008C0004000C00440494A0300FF
:10939C00944663445A4253418022F0B54E46DE4611
:1093AC005746454692029446E0B55B421B0C424A36
:1093BC001B04634485B002901360404A0E00404980
:1093CC00136018000A689043FBD10620FBF7E8F8FD
:1093DC000223029904008C464A6801901A400392B9
:1093EC000A1D9046374AF10D624491461360700293
:1093FC0000295AD1A04258D8802464000227A246E2
:10940C00B446B30DB20204E0019E96420AD3220088
:10941C002B000237574505D004000D00A4185D4100
:10942C00002BF1D06646019B80259A46B3463C0240
:10943C00E41B6D002E00013D002D38D0210050465C
:10944C00FBF73CFAE41B8345F4D2310079432D023F
:10945C00029C802627612368A4465D40FF231B02E3
:10946C001D408023039A76019B014344664435607A
:10947C001A604D460222072760682A602568104052
:10948C006F40CF253D40356018600F48844603205F
:10949C006444206001981A60FBF710FA05B0F0BC28
:1094AC00BB46B246A946A046F0BD0227BBE7390031
:1094BC00CEE7C0460040FCBF00E0004000F000409A
:1094CC0008C00040043000002420000003BDC0464A
:1094DC0010B50400FBF7F2F8A04710BDD022022112
:1094EC001206136D1942FCD0506540BF7047C04640
:1094FC00D0221206136DDB0704D4012120BF136D9B
:10950C001942FBD0D0231B06986D7047F0B50400B0
:10951C0087B00F200E001700FAF724FC002105007D
:10952C000F20FAF70DFC0023002200920193012377
:10953C000293D023049605940026002401210220D6
:10954C0003971B06002C14D01A6D1042FCD05C65DE
:10955C0040BF1A6D114203D120BF1A6D1142FBD0CE
:10956C009A6DA2420AD000266C46B200A458E9E7D4
:10957C009A6D1A6D1142FBD140BFE5E70136062EFC
:10958C00F2D129000F20FAF7DBFB07B0F0BDC04683
:10959C000D4B0E4A70B5934210D31C000C4A99180F
:1095AC000B4D0C4A92686051FF20C00023500A4BAF
:1095BC000A4823500A48FFF7A9FF70BD01235B42FC
:1095CC001C000849ECE7C0460008042000000420F9
:1095DC00F407000000ED00E051900020FC070000B3
:1095EC004D900020F307000070B5F9F78BFE0400D6
:1095FC000D480368002B13D02000F9F78FFED02301
:10960C001B061C68094925000F352800FAF7B6FB24
:10961C0028000121FAF794FB0122054B1A5570BD65
:10962C00FAF756FEE8E7C04678B001201950012041
:10963C0080B001200123026810B51A4205D142788E
:10964C00002A04D14370012010BD0020FCE7042047
:10965C0000F0AEF9040000F025F82000014A0249A0
:10966C0000F05EFAF591002074570120012303608D
:10967C007047C04610B50400024B036000F0D4F9EB
:10968C00200010BD8857012010B50400044B036066
:10969C0000F0CAF920000421FCF7AAF8200010BD44
:1096AC0088570120014B03607047C0468857012042
:1096BC0010B50400024B036000F0C4F8200010BD8C
:1096CC00D057012010B50400044B036000F0BAF829
:1096DC0020000C21FCF78CF8200010BDD057012085
:1096EC00F0B583B01E00089B05000F0014009342D8
:1096FC000AD0A868089A036800921D6A22003300F9
:10970C003900A84703B0F0BD310000F05FF8002825
:10971C00EFD00620F6E7C046F0B50E0085B0190074
:10972C00040017001D0000F051F8002814D10A9B0A
:10973C000C9A93422AD0A0680D9A036803920C9A53
:10974C00310002920B9A01920A9A0092DC693A005B
:10975C002B00A04705B0F0BD0D9B0A9A1F711A6033
:10976C00002E0CDB93190C9AD31A5A1E9341042227
:10977C005B4293430D9A063393710020EAE702365D
:10978C00FBD101230D9A00209371E3E720000B9984
:10979C0000F01CF80028CED00D9B00205F71D9E79B
:1097AC00F8B507000C0015001E0000F083F8002827
:1097BC0006D1B8682A00036821009F693300B847B6
:1097CC00F8BDC0467047C0460020704710B58142B6
:1097DC0011D0406803782A2B0BD049680B782A3BB0
:1097EC005A425341C91809F045FA43425841C0B294
:1097FC0010BD0020FCE70120FAE7C046002330B57D
:10980C001400102285B00093019303930368029215
:10981C009D6922686B46A8476B461A79062300207F
:10982C001340062B02D1009B0130236005B030BDE4
:10983C00009B05209A1A53425A4152421040013063
:10984C007047C04610B50400024B0360FFF7BAFF27
:10985C00200010BD4458012010B50400044B0360D7
:10986C00FFF7B0FF20000821FBF7C2FF200010BD5E
:10987C004458012070B516001D00069A049B040084
:10988C0093420ED029002000FFF7A0FF002806D03D
:10989C00079B049A1E711A600123079A937100208A
:1098AC0070BD0599FFF792FF0028EBD0079B5E7106
:1098BC00F5E7C04670B515001C00FFF787FF0028C0
:1098CC0004D00823E360023B2560237170BDC046C1
:1098DC00F8B505000C0017001E00FFF777FF0028F5
:1098EC0007D1032E05D823683A00290020005B69B4
:1098FC009847F8BD70B5194C083863680668002B9A
:10990C0020D08519AB421DD85A6821D00434002AC6
:10991C0006D10DE051681C1D1300002907D00A0068
:10992C009542F7D303D12A68B6186A685A6023683F
:10993C001A689918884208D05B68066043602368EF
:10994C00586001E04360606070BD92191A60FBE7DB
:10995C001B6842609B1903606060F5E758A4012006
:10996C00020030B50832083000D3082207230F4913
:10997C00073248689A430431002804D10EE0011DD7
:10998C00406800280AD003689A42F8D845689C1AA7
:10999C00072C04D803602B000B60083030BD8318F3
:1099AC005D6008681C600260F6E7C04658A40120A0
:1099BC0070B580300500FBF7B9FE041E07D080227D
:1099CC0000212000FBF708FF2000803070BD28002C
:1099DC00FFF7C6FF041EF2D100F042F8074A8038A8
:1099EC00936810B5984203D9D2689B18984202D359
:1099FC00FBF7DAFE10BDFFF77DFFFBE758A4012053
:109A0C0070B59E25074C2D012800E560FBF78EFEF6
:109A1C00A060002804D0002305604360606070BD26
:109A2C00E060FBE758A401207047C0467047C04671
:109A3C00004870476858012000487047785801204A
:109A4C0010B504000421FBF7D3FE200010BDC04666
:109A5C0010B5804708F09AFF06F0D8FD08F096FF85
:109A6C00024B10B51868FFF7F3FFC0466C7301206A
:109A7C0010B58047FFF7F4FF024B10B51868FFF7DD
:109A8C00F7FFC04668730120014B18687047C04649
:109A9C006C730120014B18687047C0466873012035
:109AAC0010B5012812D80B00283B1A68501E1860FC
:109ABC00012A00D010BDDB6858310C00002B01D0FE
:109ACC00080098472000FFF789FFF3E72839486919
:109ADC00FFF7BEFF70B505000026803DEA602E60E2
:109AEC00A9600400FFF7D6FF2861FFF7CDFF230024
:109AFC004722583B68611A7007325A7007329A70C5
:109B0C0022004323553A13705370183B9370D37053
:109B1C00024B513C280026702B6370BD219600200F
:109B2C0070B504000D00160006F0F8FD4368320015
:109B3C000133290043602000FFF7CCFF0400012310
:109B4C0028340360200007F03FFF200006F05EFD84
:109B5C00FFF786FF10B506F0E1FD4368046801339A
:109B6C004360002C0CD02023E35C472B0AD000234D
:109B7C0003602034200007F057FF200006F046FD5C
:109B8C00FFF76EFF263BE35C4E2BF0D12C3BE35CE6
:109B9C00552BECD1323BE35C432BE8D11F3BE35C10
:109BAC00432BE4D11E3BE35C2B2BE0D1053BE35C68
:109BBC002B2BDCD1043BE35C012BD8D863695B42D3
:109BCC006361D6E770B53D4B82B01A78002A44D158
:109BDC0001221A7007F0E6F8002834D044680021FE
:109BEC0023782A3B5A425341E41801235B4200225A
:109BFC000193200001AB06F0D5FB314D06002B681C
:109C0C003022DB6801212F4808F0BAFB019B002BA6
:109C1C0013D02B682000D96808F0C6F92B680222F3
:109C2C00DB680121284808F0ABFB019B002B02D11B
:109C3C003000FBF7B9FDFFF78DFF2B683000D968BA
:109C4C0008F0B2F9EAE71E4B2D221B6801211F48D0
:109C5C00DB6808F095FB08F099FE194B1D221B6878
:109C6C000121DB681A4808F08BFB08F08FFE0C0012
:109C7C00012919D106F0CAFC03689B6898472B6828
:109C8C0006000B2221001348DB6808F079FB2B68D7
:109C9C003000D96808F088F92B680A20D96808F0D8
:109CAC0013F906F0EDFCD6E706F0B0FC06F0E8FC84
:109CBC00D1E706F0E5FC06F0DDFBC046C7B001209D
:109CCC00807701204C5901208059012084590120B2
:109CDC002C590120B459012070B5050031291FD829
:109CEC00282939D80A292FD90C0001200B3CE4B2C1
:109CFC00A040244C204238D0002A23D06E69A86999
:109D0C0086421FDAB0002C698019800020180024CC
:109D1C000136446084606E610170C260036170BD85
:109D2C0008003438C0B21D280CD80124844020000F
:109D3C00154C2042E0D1154C20421DD1D024A40555
:109D4C002042DBD10020EAE7042915D90C00093C9C
:109D5C000020012CE3D8CFE70C00293CE4B2082CFE
:109D6C00F0D80B48A40000598746FF24A4032042D6
:109D7C00C4D1084C2042E5D0002AE3D0002BBDD141
:109D8C000020CCE7FE1F802F0711C701F82E000A18
:109D9C00C059012001004000F8B5CE46474680B5B9
:109DAC00C56806002C786E2C27D0303CE3B2092B0A
:109DBC002ED800239846174B00279946013507E00B
:109DCC004B460A21181B0135FAF750FDB84212DB3D
:109DDC00BB00DB195B00F5601F192C78303CE3B23B
:109DEC00092BEDD94346002B00D07F423800C0BC74
:109DFC00B946B046F8BD0127F7E76B1CC3606C7819
:109E0C00303CE2B2092A03D81D0001239846D2E760
:109E1C000027EBE7FFFFFF7F10B50400002908D1F6
:109E2C00C3681A78002A01D1002010BD5A1CC260E8
:109E3C00197868290AD07629F6D12000FFF7ACFFF3
:109E4C00E3681A785F2AEFD10133E3602000FFF753
:109E5C00A3FFE3681A785F2AE6D101330120E3609F
:109E6C00E3E7C04610B5C36804001A785F2A01D036
:109E7C00012008E05A1CC2605A785F2A04D0FFF710
:109E8C008BFFC043C00F10BD0233C360FFF784FFCC
:109E9C0000280ADB0928EBDDE36800201A785F2A2A
:109EAC00F1D101330120E360EDE70020EBE7C04680
:109EBC0070B505000C1E15D08E2080211A4E400066
:109ECC00C900A368012B0DDC2A588A420ADC013335
:109EDC00A3602378512B05D89B00F3589F46E46868
:109EEC00002CEED170BD2469FAE7A22149006B5811
:109EFC0001336B50E1688E26013276002800AA519E
:109F0C00FFF7D6FF28002169FFF7D2FFAB59013BC1
:109F1C00AB51E7E7E1680B78052BECD19C204000B6
:109F2C002B5801332B50E6E7E459012003000020A5
:109F3C00002B07D109E0DA68002A06D01B69013032
:109F4C00002B02D01A782F2AF5D07047002806D1A2
:109F5C0008E0002908D000690139002803D00378F3
:109F6C002F2BF6D000207047C068FCE7F0B514002A
:109F7C00C64652684B1CA5689B1880460E0000B55F
:109F8C00E768AB4212D8002F0DD16368206832000D
:109F9C00C0184146FBF726FC236862689B199F5446
:109FAC0063689B19636080BCB846F0BD002FFAD182
:109FBC00002D02D1022B0DD902356D00AB42FCD81D
:109FCC0029002068FBF7D0FB071E05D0E76820604E
:109FDC00A560D8E70225F3E72068FBF7E5FB012332
:109FEC0027606760A760E360DDE7C0460278030086
:109FFC00722A11D0562A0FD04B2A0DD00020442A99
:10A00C000BD158780300773B012B05D920239843BB
:10A01C004F384342584100E00120704780235B00D9
:10A02C00C35870B504000D00FF2B08D0591C8022BA
:10A03C005200A150E55482235B00E55470BD002210
:10A04C00C25486235B00C258043BFF21C358984777
:10A05C0094225200A35801210133A3500023E6E7B8
:10A06C0088235B00C358002B14D05B681869CB683D
:10A07C00002B0CDB002806D108E0002B08D000696F
:10A08C00013B002802D002782F2AF6D0002070471E
:10A09C00C068FCE701221933FF33C2500020F6E7F9
:10A0AC00F0B5C64606000C0000B500291FD01C4BAD
:10A0BC00012598461B4F2378082B03D842469B005A
:10A0CC00D3589F462C2B16D9323BDBB21B2B05D811
:10A0DC002A009A403A420AD1012B05D03000E1689F
:10A0EC00FFF7DEFF002803D12469002CE3D1002008
:10A0FC0080BCB846F0BD172BF0D90B4A183BDBB22D
:10A10C00DA401542EAD00020F2E721003000FFF7D8
:10A11C00A7FF0028EBD003782F2BE9D00020E7E72E
:10A12C002C5B01200100E30C01801000F0B5D64639
:10A13C004F4646460500C0B508000C0009F02AF849
:10A14C0000282AD00022802392460D32FF329146FD
:10A15C005B00043A9046EB5827180AE019000133CB
:10A16C0080225200AB50013404326E54AE54A742DC
:10A17C0013D02678FF2BF1D15246EA544B46EA58BD
:10A18C004346FF21EB582800984794225200AB58C5
:10A19C0000210133AB500123E2E7E0BCBA46B146E3
:10A1AC00A846F0BD70B5C26804001378542B22D1B8
:10A1BC00531CC36052785F2A1FD06E2A1BD0FFF746
:10A1CC00EBFD451C17D4E3681A785F2A13D10133D1
:10A1DC00E3606269A3699A420DDA00239100206959
:10A1EC00891889004018436083600132053362612D
:10A1FC000370C56000E0002070BD0025E7E7C04695
:10A20C00F0B5D6464F464646C0B51F4B88B00A003F
:10A21C000500190001A8FCF769FE01A808F0BAFFB7
:10A22C0000282BD00022802392460D32FF3291461B
:10A23C005B0001AC043A9046EB5827180AE0190071
:10A24C00013380225200AB50013404326E54AE54B0
:10A25C00A74213D02678FF2BF1D15246EA544B4635
:10A26C00EA584346FF21EB582800984794225200A5
:10A27C00AB5800210133AB500123E2E708B0E0BC3E
:10A28C00BA46B146A846F0BD505B0120F0B5C646B3
:10A29C0000B50400FFF780FD051E45DDE768636827
:10A2AC00DB1B98423EDCA2683B18E360520702D5E8
:10A2BC001A78242A3AD0A36966699846092D23DDB9
:10A2CC00082238002A4908F069FB002806D13B7A9D
:10A2DC002E2B33D05F2B31D0242B2FD0B04521DD4A
:10A2EC00B30020699B199B00C01800230136436002
:10A2FC00836066610023C7604360836003700561FF
:10A30C00A06280BCB846F0BDB3420BDDB30020693F
:10A31C009B199B00C0180023013643608360666163
:10A32C00002FE7D10020EBE70020EAE70133E360E0
:10A33C00A36966699846092DC2DCE5E77B7A4E2B4A
:10A34C00CCD1E36A16335B1BE362B045EADDB300A4
:10A35C0020699B199B00C01800230136666143607D
:10A36C0083600370034BC36015230361C8E7C046C9
:10A37C00545B0120605B0120F8B5C36804001A78B7
:10A38C00532A25D15A1CC2605A78002A0ED09A1C26
:10A39C00C2605A785F2A47D01300303BDDB20020F0
:10A3AC00092D20D91500413D192D1CD9A068082371
:10A3BC0005001D40184239D029004B1E99414D4BC8
:10A3CC001D00C4351878904238D01C33AB42F9D1FB
:10A3DC0000252800F8BD511CE16012785F2A1BD0C3
:10A3EC0018001300303BDBB2092B0BD8C3001B1831
:10A3FC009B009B18303B9842EAD8E2681178002900
:10A40C00E6D0E8E71300413B192BE1D8C3001B1839
:10A41C009B009B18373BEEE70133226A9A42D7D94F
:10A42C00E2699B009D58D4E70023F6E70029C3D0CE
:10A43C00E3681B78433B012BBED8C0E75E696269B9
:10A44C00A569002E13D098698446AA424FDA97006A
:10A45C002069BF18BF00C019002701324760876010
:10A46C006261C6606646183707700661A0620029F3
:10A47C0038D0D8681969E36A5B18E362AA4234DA07
:10A48C00930025699B189B00ED18002301326B602B
:10A49C00AB60183362612B70E8602961E3681A784D
:10A4AC00422A96D1A66A0133E3602000FFF7EEFE44
:10A4BC002A0003004D212000FFF70EFCE368050085
:10A4CC001A78422AEFD0A662002800D180E7236ACE
:10A4DC00626A934200DB7BE7E269990001338850A2
:10A4EC00236276E758689968C5E70025D6E700200F
:10A4FC00BCE7C0462C6A0120F0B5CE46474680B575
:10A50C00C668040083B03000FFF770FD002832D11C
:10A51C0033785A2B09D82F2B5FD9303BDBB22A2B3F
:10A52C005BD8C44A9B00D3589F46613BD9B21929CA
:10A53C0053D801228A40C04D2A424CD09A00D318DD
:10A54C00BE4A9B009B18A16962698A4200DB3DE30D
:10A55C0091002569891889006D1801326860A8601E
:10A56C00626127222A70EB60E26A5B680136D318BD
:10A57C00E362E66026E00022200001A901F03EFA29
:10A58C00051E2AD0E36820001B78462B20D0FFF74D
:10A59C00B3FF2860002820D003781F3B012B05D87F
:10A5AC00019AC368C2602A6801922B60019D002D3C
:10A5BC0013D0236A626A93420FDAE269990001337D
:10A5CC008D502362280003B0C0BCB946B046F0BD24
:10A5DC0000F07EFBDDE7142913D00025F2E7200004
:10A5EC0001F0BEFC05000190002DF6D0236A626AD2
:10A5FC009342F2DAE269990001338D50019D236296
:10A60C00E0E701362000E660FFF740FE0023020081
:10A61C0028212000FFF760FB05000190E4E72000F3
:10A62C0000F056FB05000190DEE7731CE3607378C5
:10A63C00002BD2D0B31CE3607378463BDBB2302BDB
:10A64C00CBD87F4A9B00D3589F4601362000E6604A
:10A65C00FFF752FF0023020025212000FFF73CFBEF
:10A66C0005000190C0E72000FFF79CFDE66805009F
:10A67C0033780190492BB7D1636B002B00D074E277
:10A68C000028AAD0236A626A9342A6DAE26999008A
:10A69C0001338850236232780023493A012A05D8C5
:10A6AC000136E660200000F02DFE03002A00042194
:10A6BC002000FFF711FB0500019095E773781A0055
:10A6CC00303A092A05D95F2B03D0413B192B00D90D
:10A6DC003FE200212000FFF74FFEE36805001A78E7
:10A6EC000190492A00D06DE70133E360DAE70136C7
:10A6FC002000E660FFF700FF00230200232120006A
:10A70C00FFF7EAFA050001906EE701362000E660DB
:10A71C00FFF7F2FE0023020022212000FFF7DCFAF3
:10A72C000500019060E701362000E660FFF7E4FECB
:10A73C000023020024212000FFF7CEFA050001902F
:10A74C0052E701362000E660FFF7D6FE0023020038
:10A75C0026212000FFF7C0FA0500019044E70136DE
:10A76C002000E660FFF792FDE36805001A7801907F
:10A77C00492A00D1D3E12000FFF7BEFE2B000200D6
:10A78C0021212000FFF7A8FA050001902CE7711C8D
:10A79C00E16072785F2A00D1BFE1303A092A00D912
:10A7AC00CAE10B001D000133E3601A78303A092A24
:10A7BC00F8D96269A069AF1B824200DB0DE79000FB
:10A7CC002669801880003618002001327060B06055
:10A7DC006261002F00DC00E7F16019007060B0606E
:10A7EC00307037616A785F2A00D0F6E60131E1609B
:10A7FC002000FFF781FE320003002A212000FFF722
:10A80C006BFA05000190EFE601362000E660FFF7D9
:10A81C0073FE051E00D1E0E62000FFF76DFE031E5F
:10A82C0000D1DAE62A002B212000FFF755FA0500AB
:10A83C000190D9E6905B0120FF7BEC03806F012037
:10A84C003C5C01200123256B2000236300F00AFEF1
:10A85C0025630200002344212000FFF73DFA051E6A
:10A86C00019000D1B9E6E3681A78002A00D1B4E669
:10A87C005A1CE2601B78452B00D1B7E60025A1E6F7
:10A88C006369A269934200DBA2E19A002569D218A0
:10A89C009200AD18002201336A60AA6063612C2318
:10A8AC0009212B70B3780195303BDBB299425241B0
:10A8BC002A82092B02D82000FFF76EFA2000FFF73E
:10A8CC001BFEE860002800D187E62000FFF764FA41
:10A8DC00E2681378002B02D0531CE3601378733BAF
:10A8EC005A4253416B826DE66369A269934200DB65
:10A8FC0073E69A00D2180133636100232569920034
:10A90C00AD186B60AB602B70B44BEB600E232B61FE
:10A91C0058E66369A269934200DB5EE69A00D2189E
:10A92C0001336361002325699200AD186B60AB6045
:10A93C002B70AB4BEB6004232B6143E66369A2697C
:10A94C00934200DB47E19A002569D2189200AD18BA
:10A95C00002201336A60AA60636127232B70A14B2C
:10A96C00EB60E36A0433E3622CE66369A269934209
:10A97C0000DB30E19A002569D2189200AD18002254
:10A98C0001336A60AA60636127232B70964BEB60DE
:10A99C00E36A0933E36215E6B3785F2B00D107E174
:10A9AC006369A269934200DB17E69A002569D21805
:10A9BC009200AD18002201336A60AA6063614323E0
:10A9CC0020002B70FFF7E8F9E860E3681A785F2A3B
:10A9DC0000D002E60133E3602000FFF78DFD2A0072
:10A9EC0003002D212000FFF777F905000190FBE50E
:10A9FC006369A269934200DBEDE09A002569D218E5
:10AA0C009200AD18002201336A60AA6063612723AB
:10AA1C002B70764BEB60E36A0733E362D2E5636934
:10AA2C00A269934200DBD6E09A002569D218920005
:10AA3C00AD18002201336A60AA60636127232B7072
:10AA4C006B4BEB60E36A0833E362BBE52000FFF776
:10AA5C0053FD002302004C212000FFF73DF90500B7
:10AA6C000190C1E56369A269934200DBB3E09A00EF
:10AA7C002569D2189200AD18002201336A60AA60D1
:10AA8C00636127232B705B4BEB60E36A1133E3624A
:10AA9C0098E56369A269934200DB9CE09A00256902
:10AAAC00D2189200AD18002201336A60AA6063616B
:10AABC0027232B70504BEB60E36A0833E36281E58C
:10AACC006369A269934200DB85E09A002569D2187C
:10AADC009200AD18002201336A60AA6063612723DB
:10AAEC002B70464BEB60E36A0A33E3626AE56369F9
:10AAFC00A26993426FDA9A002569D2189200AD18B8
:10AB0C00002201336A60AA60636127232B703C4BDF
:10AB1C00EB60E36A0933E36254E5002666E6013331
:10AB2C00E360200000F0EEFB2A000300042120006B
:10AB3C00FFF7D2F805001EE60123256B20002363E6
:10AB4C0000F090FC2563061E00D146E5E1680A780A
:10AB5C0049E6200001F004FA051E019000D13CE505
:10AB6C000378182B00D041E52CE563692000994649
:10AB7C00236AE76A9846731CE36000F0C3FBE26843
:10AB8C001278492A06D04B4663614346E66023623D
:10AB9C00E76229E5002D00D11FE5236A626A934222
:10ABAC0000DB1AE5E269990001338D5023627CE5E4
:10ABBC0003365E3BE6602000266B236300F052FCFC
:10ABCC002663051E00D000E70025FBE4C368FFDE0A
:10ABDC0000231B70FFDE0023DB68FFDE805B01209F
:10ABEC00785B0120C471012088710120D87101208B
:10ABFC00EC7101201472012000720120B07101204F
:10AC0C009C710120002330B5C26883B00193137886
:10AC1C00040001AD002B15D125E04F2B18D02000DE
:10AC2C00FFF76AFC021E1ED000232E212000FFF726
:10AC3C0053F82860002816D0E2681030137805000D
:10AC4C00002B08D0452B06D02E2B04D0522BE4D150
:10AC5C005378452BE3D10198002804D00369002BCD
:10AC6C0003D003B030BD0020FBE7C2681178272960
:10AC7C00F7D1D268117C0929F3D1E16A52688A1A9A
:10AC8C00E262C360EDE7C04670B5C36804001A7891
:10AC9C004A2A19D000290FD02000FFF72DFC051EE1
:10ACAC0010D02000FFF7AEFF031E0BD02A00292185
:10ACBC002000FFF711F870BD2000FFF7A3FF00255F
:10ACCC00031EF3D10020F6E70133C360E4E7C0466E
:10ACDC00836870B504005B030DD48023C26B1B0129
:10ACEC009A420CD8531CC363C368002019784629B8
:10ACFC0007D0E26304E0C3681A78462A01D000202A
:10AD0C0070BD5A1CE2605A78592A01D10233E360B3
:10AD1C0001212000FFF7B8FFE5682B78522B1DD0DE
:10AD2C004F2B09D0452B16D00020A3685B03E7D42A
:10AD3C00E26B013AE263E3E72021E36A03336E1C22
:10AD4C000200E36220000023E660FEF7C5FF6B788B
:10AD5C003500452BE8D10135E560E6E7E36A1F21B4
:10AD6C000233ECE7F0B5C64600B5C36880461E78E2
:10AD7C00002E22D05A1CC2605A781E789446002AA3
:10AD8C001ED1482500213D4F6A1AD30F9B185B102A
:10AD9C005B181A01BA1814682078B04207D00AD987
:10ADAC001D00A942F0D1002080BCB846F0BD6078EF
:10ADBC00604546D0F4D8591CF3E700239C46E0E7E5
:10ADCC009A1CC2605B789C46762E22D11D00303DC9
:10ADDC00EBB2092BD5D8FFF759FA434642465B69CB
:10ADEC00926901009342DEDA40469A000069D2185B
:10ADFC0092008018444600220133426082606361F5
:10AE0C000029D0D03323426082600370C560016199
:10AE1C00CAE7632EB5D1762BB3D1036B456B5A427F
:10AE2C0053414363FFF768FB43465B6B0200002B07
:10AE3C001DD0002335214046FEF74EFF43465D638F
:10AE4C00B2E7434641465B6989698B42ABDA4046BF
:10AE5C0099000069C918890040180021416081607F
:10AE6C00414601334B613223C26003709CE70023DF
:10AE7C0034214046FEF730FFE0E7C046F06A01207F
:10AE8C00F8B5C36804001A781100303909295ED965
:10AE9C0011006139192912D8056B6F2A00D19CE079
:10AEAC002000FFF75FFF2563061E02D00378322BCC
:10AEBC0067D0E3681978422950D03000F8BD1100F2
:10AECC004339012900D891E04C2A78D0552A00D07A
:10AEDC0081E05A786C2A00D1D0E0742A7BD15A1CBC
:10AEEC00C2605978742900D0FEE09D1CC5609B7827
:10AEFC005F2B00D13BE16E2B6DD0FEF74DFF013087
:10AF0C0000D530E1E56829785F2900D03AE1626923
:10AF1C00A1696B1CE3608A4200DB1DE1910026698C
:10AF2C00891889007618002101327160B160626164
:10AF3C0049223270226A616AF0608A4200DB0BE1BE
:10AF4C00E16990000132465022626978B3E7FFF75D
:10AF5C009DF9E368060019784229AED1A56A013340
:10AF6C00E3602000FFF792F9320003004D2120002E
:10AF7C00FEF7B2FEE368060019784229EFD0A5620D
:10AF8C009BE7C268E36A916807335B18E362136856
:10AF9C001A786C2A00D08CE75A78692A00D088E796
:10AFAC009B78002B00D084E72000FFF76FF932006C
:10AFBC00030037212000FEF78FFE060079E70133EE
:10AFCC00C360FFF763F9061E05D02000FEF74AFFA9
:10AFDC00002800D06DE700266FE75A786E2A00D063
:10AFEC005EE70233C3600023036359E7856A002DD3
:10AFFC0004D0297800290CD018290AD0432A76D0FD
:10B00C0059783039C9B2052935D861488900415879
:10B01C008F462969E26A5218E26219780A004329BC
:10B02C0065D04429ECD0002645E702206269A1696D
:10B03C009F1CE7608A4200DB91E091002669891829
:10B04C0089007618002101327160B1606261002DB7
:10B05C0000D184E008227160B160327030733561C8
:10B06C0099783B0027E70520E0E70420DEE7032082
:10B07C00DCE70120DAE7110000261CE75A1CC2604D
:10B08C0059786C2930D10233C360FFF7BBFDE368FC
:10B09C00050019780028C6D04529C4D15F1CE7608B
:10B0AC005B785F2B69D06E2B95D02000FEF774FE79
:10B0BC00013058D4E76839785F2966D16269A16993
:10B0CC007B1CE3608A425ADA910026698918890050
:10B0DC007618002101327160B16062614722F5601F
:10B0EC00327030617978E6E613000026E3E65A7890
:10B0FC00492A20D011003139042900D96BE7303AA4
:10B10C000233D7B2E3606269A1698A422CDA9100FA
:10B11C002669891889007618002101327160B160A6
:10B12C006261002D20D007227160B16032703773DC
:10B13C0035611978BFE6581CE0609A7811003139F6
:10B14C00042916D80333303AE3602000D7B2FFF756
:10B15C00D3F9A56AE368D6E700266978ABE6997857
:10B16C0000263B00A7E6E36800261978A3E600203A
:10B17C00CDE65978002603009DE600209EE70026C8
:10B18C00797898E62B00002695E63B00002692E69F
:10B19C00005D0120F8B5C268040013784C2B32D145
:10B1AC00531CC36051785F294CD05A2912D15A1CB8
:10B1BC00E2605B78472B3ED0542B3CD00021200022
:10B1CC0001F032F80500E3681A78452A1BD10133E7
:10B1DC00E36019E0FFF790F9051E14D00378E668D8
:10B1EC00272B13D032783D216E2A52D0452A58D0C5
:10B1FC00731C06E0E360180001335A1E1278452ACE
:10B20C0027D0002AF6D100252800F8BDC3681A7C87
:10B21C00002A03D0E26A5968521AE262234918687C
:10B22C0007F028FD32780028DDD1452A3BD06E2A64
:10B23C002FD03D21DCE7200000F098FCE3680500EE
:10B24C001A78C2E7931CC360927800255A2ABCD1A5
:10B25C00ADE7801B6269A3699A4220DA97002369E3
:10B26C00BF18BF00DB19002701325F609F6062616D
:10B27C00002E14D0002812DD5F609F601F70DE600E
:10B28C0018612A002000FEF727FDE36805001A78F4
:10B29C009BE7731CE36072783E211E00A6E7002337
:10B2AC00EFE70020D6E70136E660ADE7185D012038
:10B2BC0070B5C268040013784C2B1DD007D8493BDD
:10B2CC00012B15D80132C26000F01CF870BD582B50
:10B2DC000ED10132573B056BC260036300F0C2F81C
:10B2EC00E36825631A78452A09D10133E360EDE759
:10B2FC002000FFF701F9E9E7FFF74CFFE6E7002034
:10B30C00E4E7C04670B5C36804001A78866A82B058
:10B31C00452A1ED0002301AD01930DE000232F21FF
:10B32C002000FEF7D9FC286000280AD0E368103012
:10B33C001A780500452A07D02000FFF7B9FF021E36
:10B34C00ECD1002002B070BD01330198E360A6621D
:10B35C00F8E7013300222F21C3600023FEF7BCFC69
:10B36C00F0E7C046F0B5C64600B5C26805001478D3
:10B37C000F00002C25D03A4B00269846303CE4B206
:10B38C004A2C1ED84346A4001B599F462800FEF7A2
:10B39C0009FF0300002E2BD11E00EA681478452CFF
:10B3AC0010D0002F0BD0002E0BD02B6A696A8B4269
:10B3BC0007DAE9699800013346502B621478002CA7
:10B3CC00DCD10026300080BCB846F0BD2800FFF769
:10B3DC0057FD0300002EDFD0320001212800FEF7BC
:10B3EC007BFC0600D9E7FFF787F80300002ED3D0CB
:10B3FC00012132002800FEF76FFC0600CDE7012189
:10B40C002800FEF7B9FF0300002E25D032000121E1
:10B41C002800FEF761FCEA6806001478CFE7002EDE
:10B42C00CFD0531CEB6054781A00C8E7002EC8D05C
:10B43C0001322800EA60FFF765FF04210300D8E71A
:10B44C005378202228009343542BCCD0FFF718FDBF
:10B45C000300002ECCD19FE7EA681E001478AEE7FB
:10B46C002C5D0120F0B5C64600B5C2680400137807
:10B47C004C2B00D112E1542B00D113E1732B27D0AC
:10B48C00662B61D019003039092946D96F2B3FD072
:10B49C00692B00D059E253786C2B20D10025023255
:10B4AC00C2601378002B00D1F6E05378002B00D14A
:10B4BC00F2E04521200000F069FA2A000300312156
:10B4CC002000FEF709FC0500280080BCB846F0BD42
:10B4DC005378722B00D140E1702B00D168E1200031
:10B4EC00FFF740FC051E00D1D6E00378322B5ED06E
:10B4FC00332B00D1C8E0342B00D0CDE0E3681A78B0
:10B50C005F2A00D121E12000FFF7ACFF030062E0CD
:10B51C0053786E2BE3D10232C2602000FFF7B0FCEF
:10B52C00051E00D1B8E0E3681A78492ACCD1013362
:10B53C00E3602000FFF7E6FE2A0003000421200050
:10B54C00FEF7CAFB0500BFE75378702BC7D1931CDD
:10B55C00C3609378542B00D121E15F2B00D1ADE077
:10B56C006E2B00D198E0FEF717FC411C00D593E040
:10B57C00E3681A785F2A00D08EE00133E360B84BA1
:10B58C00994200D188E002306369A269934200DBE2
:10B59C0082E09A002569D2189200AD18002201337E
:10B5AC006A60AA6063610623E8602B708CE7C1684F
:10B5BC00E36A8A680F68023A9B18E3623B78732B44
:10B5CC0010D17A78742A0DD1BA78002A0AD12000C9
:10B5DC00FEF792FF03002A0037212000FEF77CFBC8
:10B5EC00050071E7CE68022E77D020DC002E5DD0EE
:10B5FC00012E51D13A78702A64D06D2A62D000267F
:10B60C00732B00D0CFE07B78502B00D0CBE0BB78F5
:10B61C00002B00D0C7E02000FFF774FE0300002EC3
:10B62C00D9D01A0039212000FEF756FBD2E7032EA1
:10B63C0032D1712B00D0E0E07A78752A00D0DCE0B2
:10B64C00BA78002A00D0D8E02000FFF70BFF0600E4
:10B65C002000FFF707FF07002000FFF703FF031E82
:10B66C001AD03A003C212000FEF736FB32000300D2
:10B67C003B212000FEF730FB2A0003003A2120007A
:10B68C00FEF72AFB05001FE7C368012B00D13AE740
:10B69C00022B01D0002B09D0002515E7FFF77AFD0E
:10B6AC00050011E7FEF77EFD05000DE72A000023DB
:10B6BC0036212000FEF710FB050005E70332C260BF
:10B6CC00012061E77978914299D1E26811785F297C
:10B6DC0096D10132E2603B7891E7EB681B685A78AF
:10B6EC00632A00D1F4E03B78662B00D114E1642B83
:10B6FC0000D008E17B78692B00D004E1BB78002BEB
:10B70C0000D000E12000FFF7BBFB80463B78632BA9
:10B71C0000D0A9E07A786C2A00D0A5E0BA78002A8B
:10B72C0000D0A1E04521200000F030F906003300E4
:10B73C00424639212000FEF7CFFA2A0003003821B7
:10B74C002000FEF7C9FA0500BEE60133E36045218F
:10B75C00200000F01BF903003DE7931CC3609378B5
:10B76C00826B002A06D0552B43D8422B2CD8303B69
:10B77C00092B2FD92000FEF7BFFE06002000FFF793
:10B78C007FFBE36805001A78492A00D193E02B006F
:10B79C00320001212000FEF79FFA050094E60332E7
:10B7AC00C2600020F0E62000FFF75CFE030036E7E5
:10B7BC000232C260FFF756FE002302004C2120002B
:10B7CC00FEF78AFA05007FE6264A433BDBB2DA40F5
:10B7DC00D207CFD501235B42A36300212000FFF7E2
:10B7EC00C1FDE36806001A78452AC7D10133E3602E
:10B7FC00C4E7613B192BBDD8ECE7642B06D17B78F1
:10B80C00582B03D1BB78002B00D11DE73B78662B5E
:10B81C0000D186E06E2B00D03EE77B78772B02D0F0
:10B82C00612B00D038E75F21200000F0AFF8060054
:10B83C002000FEF761FEE36807001A78452A00D164
:10B84C007FE0702A71D0692A00D025E75B786C2BD9
:10B85C0000D021E72000FFF705FE030001E7C046FA
:10B86C00FFFFFF7F01020400642B3FD17A78742A1A
:10B87C003CD1BA78002A39D1E3681A78672A47D0C4
:10B88C00732A02D15B78722B38D02000FFF7F8FABC
:10B89C00E36806001A78492A00D048E70133E360D0
:10B8AC002000FFF72FFD3200030004212000FEF7DB
:10B8BC0013FA06003BE70133E3602000FFF722FD9B
:10B8CC002A00030004212000FEF706FA05005EE7BB
:10B8DC001B781A00723A012A03D9633B012B00D959
:10B8EC0001E72000FEF708FE80460FE7702B05D11C
:10B8FC007B78742B02D1BB78002BBDD02000FFF7D6
:10B90C00B1FD060013E72000FFF7ACFD8046FDE615
:10B91C005B78732BB9D1F1E72000FFF723FA80464F
:10B92C00F4E62000FFF71EFA91E65A78692A00D057
:10B93C00B2E60233E3604521200000F027F8030053
:10B94C008FE60133E36000238BE6742B12D0752B4A
:10B95C0000D0C4E50132C260FEF798FC050020005F
:10B96C00FFF7D0FC2A0003003F212000FEF7B4F9BA
:10B97C000500A9E553786C2B00D0B0E50232C2600B
:10B98C00FEF7BAFDE26805008BE5C046F0B5C64689
:10B99C00002300B582B00193C36804001A780E002E
:10B9AC008A4223D0036B0127984601AD0DE000239A
:10B9BC002E212000FEF790F9286000280DD0E368B6
:10B9CC0010301A780500B2420CD020002763FFF724
:10B9DC0049FD4346021E2363E9D1002002B080BC1E
:10B9EC00B846F0BD01330198E360F7E7013300225C
:10B9FC002E21C3600023FEF76FF9EFE7F0B5DE46AA
:10BA0C0057464E464546E0B5C56804008A469346FF
:10BA1C001B232E7883B0002A00D01E235A46DBB29B
:10BA2C0001931A23002A00D01D235A46DBB29946F3
:10BA3C001923002A00D01C23DBB2984657461DE080
:10BA4C00562E39D04B2E3DD06B78002B2BD0AB1C07
:10BA5C00E3606B78782B3BD06F2B5AD1E36A502183
:10BA6C000933E362002300222000FEF735F9386029
:10BA7C00002818D00C300700E5682E782800FEF757
:10BA8C00B5FA00282AD06B1CE360722ED8D1E36A79
:10BA9C0041460933E362002200232000FEF71CF923
:10BAAC0038600028E6D10027380003B0F0BCBB4654
:10BABC00B246A946A046F0BDE36A49460933E362A3
:10BACC000023D0E7E36A01990633E3620023CAE757
:10BADC00E36A4E211133E3620023C4E75B46002B7B
:10BAEC00E2D1462EE0D15745DED01D241C211E305C
:10BAFC0006E0192B37D00C239A4692445745D3D0E5
:10BB0C0053461A6813781A2B2BD01B2BF1D11070BB
:10BB1C00F1E74F2B13D1E36A256B0933E362012361
:10BB2C0020002363FFF79EFC2563031EBBD0E26855
:10BB3C0011784529B7D10132E2600B3193E7772BAD
:10BB4C00B1D1E36A20000633E362FFF75BF8031E12
:10BB5C00A9D0E26811784529A5D10132E2600C31F7
:10BB6C0081E71470C7E71170C5E7C046C16AF8B524
:10BB7C000B001433C362C36804001A78542A00D132
:10BB8C007EE0472A57D15A1CC2605A78002A52D0FC
:10BB9C009A1CC2605A78542A00D199E04DD9562A81
:10BBAC0000D18CE0722A46D1FEF7F6F8012842DD6E
:10BBBC00E3681A78002A3ED05D1CE5601A785F2A8B
:10BBCC0039D15B78461E002B35D000200021242B68
:10BBDC0000D09BE06B78532B00D194E15F2B00D10C
:10BBEC008FE1242B27D12427E5686269A3690235EC
:10BBFC009A4200DB8FE191002369891889005B1858
:10BC0C000021013259609960626142221A7002006F
:10BC1C001800DF60023EE560002A06D003004121D7
:10BC2C002000FEF759F8002805D0002E00DC8EE12C
:10BC3C002B78002BCAD1002021E0412A30D0522A87
:10BC4C00F9D100F08DF96369A2690600934200DB1B
:10BC5C0081E0002299002569C91889006D1801330B
:10BC6C006A60AA606361432320002B70FEF794F88E
:10BC7C00E8602B00320016212000FEF72DF8F8BDED
:10BC8C005A1CC2605A78002AD5D09A1CC2605B78C4
:10BC9C00413BDBB2352BCED8B04A9B00D3589F46E4
:10BCAC009B78472B01D0542B50D12000FFF75EFF1F
:10BCBC000200002317212000FEF70EF8DFE700F04A
:10BCCC004FF90023020013212000FEF705F8D6E7F8
:10BCDC009A78002A00D118E1DA1CC2609A78DB78D5
:10BCEC006E2A3AD0472B02D0542B00D00DE1200005
:10BCFC00FFF73CFF020000234A212000FDF7ECFF78
:10BD0C00BDE7242B05D00131B14202D06B5C002B76
:10BD1C00F7D16269A3699A4200DBFFE097002369BF
:10BD2C00BF18BF00DB19002701325F609F606261A2
:10BD3C00002900D17FE71F70DD60E56802005F60BD
:10BD4C0018009F6019616D18761A64E7002100F0E5
:10BD5C006BFA0200ADE700258BE7472B00D1ECE036
:10BD6C00542B00D1E9E0002100F05EFA0200002320
:10BD7C004B212000FDF7B0FF81E77621FEF74CF850
:10BD8C00002800D157E7E3681B78472B00D1CFE0A0
:10BD9C00542B00D1CCE00021200000F045FA020029
:10BDAC00002310212000FDF797FF68E70A31C162DC
:10BDBC00FEF7A2FB002302000A212000FDF78CFFF6
:10BDCC005DE76821FEF728F8002800D133E7E36827
:10BDDC001B78472B00D1A6E0542B00D1A3E0002107
:10BDEC00200000F021FA020000230F212000FDF7B3
:10BDFC0073FF44E70021FEF70FF8002800D11AE783
:10BE0C0000212000FEF708F8002800D113E7E368B2
:10BE1C001B78472B00D195E0542B00D192E00021E8
:10BE2C00200000F001FA0200002311212000FDF790
:10BE3C0053FF24E700F094F80023020014212000A3
:10BE4C00FDF74AFF1BE700F08BF8002302001521D9
:10BE5C002000FDF741FF12E70F31C162FEF74CFBEA
:10BE6C000023020009212000FDF736FF07E7FEF74B
:10BE7C0043FB0023020012212000FDF72DFFFEE6FC
:10BE8C00FEF73AFB002302000C212000FDF724FFF3
:10BE9C00F5E6FEF731FB002302000D212000FDF733
:10BEAC001BFFECE6FEF728FB05002000FDF774FFF6
:10BEBC00002800DABFE6E26813785F2B00D0BAE600
:10BECC000132E2602000FEF717FBE36A0200053343
:10BEDC00E3620B212B002000FDF7FEFECFE6FFF7FF
:10BEEC00E7F90023020030212000FDF7F5FEC6E63D
:10BEFC00FEF702FB002302000E212000FDF7ECFEF2
:10BF0C00BDE62E2770E62F276EE60021200000F0FC
:10BF1C008BF90200EFE60020E560B0E6E368002054
:10BF2C005B18E360ABE62000FFF720FE02005BE746
:10BF3C002000FFF71BFE020032E72000FFF716FE81
:10BF4C00020014E72000FFF711FE02006CE702006C
:10BF5C00002340212000FDF7BFFE90E6585E012033
:10BF6C00F0B5C64600B5C2680400137882B0552BF4
:10BF7C0059D01DD84E2B00D1B1E0532B5BD1537847
:10BF8C00742B00D170E00021FEF7F6F9E268050091
:10BF9C001378492B4AD101322000E260FFF7B2F945
:10BFAC0003002A0004212000FDF796FE05003DE069
:10BFBC005A2B40D1531CC3605378472B02D0542BBF
:10BFCC0000D0A9E02000FFF7D1FD0500002D00D125
:10BFDC0083E0E3681A78452A00D07EE05A1CE260C0
:10BFEC005A78732A00D1F9E0642A00D1B2E020001B
:10BFFC00FFF7B6FF061E00D1EEE0FD220378473BAB
:10C00C00134204D02000FDF72DFF002865D02B78BB
:10C01C00032B00D1D8E02A00330002212000FDF7C9
:10C02C005BFE050002E0FEF72BFF0500280002B0C6
:10C03C0080BCB846F0BD2000FEF722FFE268050088
:10C04C001378492BF2D1002847D0236A616A8B42BE
:10C05C0043DAE169980001334550236211780023DB
:10C06C004939012997D99CE70232C2604369826938
:10C07C00934200DBCEE09A00D218013343610023D7
:10C08C0005699200AD186B60AB602B70644BEB6074
:10C09C0003232B612000FEF7F3FE2A00030001218D
:10C0AC002000FDF719FEE36AE2680333E3621378BC
:10C0BC000500492BBAD100280FD0236A616A8B4244
:10C0CC000BDAE169980001334550236211780023A3
:10C0DC004939012900D964E75DE70025A6E701325B
:10C0EC00C26001A90122FFF789FC051EF5D0E368A7
:10C0FC001A78522A64D04F2A13D001212000FFF75E
:10C10C0031F928600028E8D0E3681A78452AE4D190
:10C11C000133019DE36089E7002100F085F80500FB
:10C12C0054E72021E26A03320133E262E360002229
:10C13C0000232000FDF7D0FD012106002000FFF7B1
:10C14C0011F928600028C8D0002EDDD0019B019683
:10C15C00F360D9E79A1CE2609B785F2B5CD06E2B66
:10C16C00BBD02000FDF718FE431CB6D4E2689846FD
:10C17C0013785F2BB1D101322000E260FFF7F0FEA3
:10C18C00071E09D0FD220378473B134204D0200040
:10C19C00FDF768FE0028A0D06369A26993421BDA00
:10C1AC009A002669D2189200B618002201337260E8
:10C1BC00B2606361482333704346F760336126E70E
:10C1CC00E26A1F210232AFE72B691A78292A00D0C4
:10C1DC0021E70022DA601EE7002618E70233200070
:10C1EC00E360FDF73FFE002800D176E76369A269A2
:10C1FC009342F1DA9A00D218013363610023266965
:10C20C009200B6187360B3603370064BF3600E2364
:10C21C003361FCE600253DE700239846ABE7C046BA
:10C22C00405F0120305F012070B505000E00FFF764
:10C23C0097FE041E1CD0002E1DD0AB68DB071AD451
:10C24C0023784E2B3CD038D81A001C3A042A37D904
:10C25C00022B0ED12269002A0AD013784E2B03D060
:10C26C003DD81C3B042B04D8D2682261002AF4D19F
:10C27C000024200070BDEB681B78002BF9D0452BF7
:10C28C00F7D022001378042B2DD01BD8022B02D10F
:10C29C001269002AF6D100212800FEF7F5FC031ED6
:10C2AC00E6D0002E02D12278022A30D022000321BF
:10C2BC002800FDF711FD0400DBE7503B012BD8D81B
:10C2CC00E468BDE74E2B03D004D9503B012BE2D8D8
:10C2DC00D268DEE71C3B042BDDD8D268D9E7503B93
:10C2EC00012BC6D8C0E7D368002B0AD019780829CF
:10C2FC0009D80629CFD80139012902D81B69002B8E
:10C30C00F4D10121C8E735394B1E9941C4E70278B5
:10C31C00292ACBD1C660C9E7F0B54546DE4657465B
:10C32C004E46E0B50400150095B0002A26D08C23AB
:10C33C005B00C758002F25D11678512E6BD8DC4ADC
:10C34C00B300D3589F462900FDF78AFE021E15D074
:10C35C0003782F2B01D001F0D3FEF533E358002BDB
:10C36C0001DA01F0CDFE002B01D101F0C4FE1269FF
:10C37C00013B002A02D011782F29F4D08C23012202
:10C38C005B00E25015B0F0BCBB46B246A946A046D5
:10C39C00F0BD8A235B00C1588A2304AE5B00E650D3
:10C3AC0000230491B3601133FF33E3587560F360DD
:10C3BC00EB68984642461121200002F003FCB3685A
:10C3CC00002B01D101F0ABFD8A23049A5B00E250F3
:10C3DC00002FD7D05246043BE250D3E78A235B00B0
:10C3EC00C158002901D102F080FB0B0002E01B6850
:10C3FC00002BD1D09A68002AF9D15A681278100013
:10C40C0019380228C8D89642F1D111212000EA68C7
:10C41C0002F0D8FBB6E78C2301225B00E250B1E7B7
:10C42C001121EA6802F0CEFB2000A249FDF77EFE46
:10C43C002F693B78482B01D102F040F83A001121CA
:10C44C00200002F0BFFB9DE7EA681378272B01D090
:10C45C0001F04EFED3681F7C062F01D901F09DFD23
:10C46C00002F01D002F048F980235B00E358FF2B2A
:10C47C0001D102F0DDF8591C80267600A15128214B
:10C48C00E15482235B00E1542000173902F09AFB3F
:10C49C00A359FF2B01D102F0F4F8591C8022520051
:10C4AC00A150D73AE25482235B00E2542B783E2B06
:10C4BC0001D102F0E0F8082F01D102F0CDF81121E2
:10C4CC0020002A6902F07EFB5CE7EA68002A02D0B1
:10C4DC00112102F077FB2B69002B00D152E780274A
:10C4EC007F00E659FD2E01D901F0FDFE724FBB1CF9
:10C4FC00994600239A460D33FF339B4633002E009A
:10C50C000EE01A000133802149006350A5548222A9
:10C51C00013752008846A554B94501D101F006FDFA
:10C52C003D78FF2BEDD15246E2545B46E258842312
:10C53C005B00E358FF212000984794225200A35837
:10C54C000133A35001230022DDE78A2304AE5B00F4
:10C55C00C258C650002306931133FF33C3580492BC
:10C56C0011212A690793059502F02CFB069B002BE1
:10C57C0001D101F073FE8A23049A5B00E25001E7BB
:10C58C00EB68984690235B00C35840469946434657
:10C59C004A461B78002A04D10027052B01D102F052
:10C5AC00E1F8232B01D101F0F3FC8A225200A158AF
:10C5BC009E4201D101F0ECFC242B01D101F012FAC6
:10C5CC008A2304AE5B00E258E65000230492B36069
:10C5DC001133FF33E3587560F360EBE6EA68112121
:10C5EC0002F0F0FA354E8023721D914600229346DC
:10C5FC000D325B00FF329246E3580EE01A00013315
:10C60C00802149006350A75482220136520088468B
:10C61C00A7544E4501D101F06AFB3778FF2BEDD1C1
:10C62C005A46E2545346E25884235B00E358FF21F8
:10C63C002000984794225200A3580133A3500123A1
:10C64C000022DDE7EB6819009B46FDF729FD002170
:10C65C00002808D102F0E3F8C368002B06D000696B
:10C66C000131002805D003782F2BF5D0002900D1FB
:10C67C0088E64B1ED94600938B4603E001375F4595
:10C68C0000D17FE692235B00E7504A46112120003F
:10C69C0002F098FA009B9F42F0DA074D8023AA1C07
:10C6AC00904686225B0052009246E35813E0C04647
:10C6BC00DC6101204C5F0120EC600120445F012013
:10C6CC001900013380225200A35001350432665404
:10C6DC00A654A845D2D02E78FF2BF1D10022E254DB
:10C6EC005346E25884235B00FF21E358200098470F
:10C6FC0094225200A35800210133A3500123E1E7F7
:10C70C001A2290460022802393460D32FF32E74EC8
:10C71C0092465B00043A9146C358B0440DE01A00AF
:10C72C000133802149006350A75482220136520004
:10C73C00A754B04501D101F027FB3778FF2BEED180
:10C74C005A46E2545346E2584B46FF21E358200028
:10C75C00984794225200A3580133A350012300227E
:10C76C00DFE7192290460022802393460D32FF32D8
:10C77C00CF4E92465B00043A9146C358B0440DE04C
:10C78C001A000133802149006350A75482220136DC
:10C79C005200A754464501D101F0EFFA3778FF2B30
:10C7AC00EED15A46E2545346E2584B46FF21E35829
:10C7BC002000984794225200A3580133A350012320
:10C7CC000022DFE7162290460022802393460D328A
:10C7DC00FF32B84E92465B00043A9146C358B044BF
:10C7EC000DE01A000133802149006350A7548222C6
:10C7FC0001365200A754B04501D101F0B7FA377891
:10C80C00FF2BEED15A46E2545346E2584B46FF21D9
:10C81C00E3582000984794225200A3580133A350A8
:10C82C0001230022DFE71322904600228023934647
:10C83C000D32FF32A04E92465B00043A9146C3582B
:10C84C00B0440DE01A000133802149006350A75415
:10C85C00822201365200A754B04501D101F07FFA73
:10C86C003778FF2BEED15A46E2545346E2584B46EA
:10C87C00FF21E3582000984794225200A35801331B
:10C88C00A35001230022DFE70F22904600228023D1
:10C89C0093460D32FF32894E92465B00043A914624
:10C8AC00C358B0440DE01A00013380214900635095
:10C8BC00A754822201365200A754B04501D101F091
:10C8CC0071FA3778FF2BEED15A46E2545346E258B0
:10C8DC004B46FF21E3582000984794225200A3585E
:10C8EC000133A35001230022DFE71A2290460022D5
:10C8FC00802393460D32FF32714E92465B00043A10
:10C90C009146C358B0440DE01A0001338021490010
:10C91C006350A754822201365200A754B04501D16E
:10C92C0001F039FA3778FF2BEED15A46E2545346D0
:10C93C00E2584B46FF21E3582000984794225200BE
:10C94C00A3580133A35001230022DFE711229046A4
:10C95C000022802393460D32FF325A4E92465B00E2
:10C96C00043A9146C358B0440DE01A0001338021BB
:10C97C0049006350A754822201365200A754B04597
:10C98C0001D101F016FA3778FF2BEED15A46E2545A
:10C99C005346E2584B46FF21E35820009847942217
:10C9AC005200A3580133A35001230022DFE71522C4
:10C9BC0090460022802393460D32FF32424E92461F
:10C9CC005B00043A9146C358B0440DE01A000133A1
:10C9DC00802149006350A754822201365200A7548B
:10C9EC00B04501D101F098F93778FF2BEED15A46BA
:10C9FC00E2545346E2584B46FF21E3582000984737
:10CA0C0094225200A3580133A35001230022DFE7E4
:10CA1C008A235B009846C35804AE04939946434658
:10CA2C00C6500023B3601133FF33C3580122F360A7
:10CA3C004B46012794467560002B01D102F03BF860
:10CA4C00AB46B24600901CE09A68002A16D1032F20
:10CA5C0001D901F07AFD524618003901521870C8FC
:10CA6C0070C20068544610604246009801378258E4
:10CA7C00625042465144815062469A601B68002BBA
:10CA8C0004D05A681278193A022ADDD95D46009C06
:10CA9C002A691121200002F095F88A2356464A464D
:10CAAC005B00E250B368002B18D06BE4B860012037
:10CABC007060012058600120446001203460012026
:10CACC00186001200460012000600120013F3B013F
:10CADC00F318112120005A6802F0A2F8012FF5D1A9
:10CAEC008A235B002A0011212000E35802F054FE37
:10CAFC0048E48A26EA6876008359002A16D0049303
:10CB0C00002306931133FF33C35804AF112187510F
:10CB1C000793059502F056F8049BA351069B002B36
:10CB2C0000D02FE420212000FDF778FA8A235B0047
:10CB3C002A0011212000E35802F0C4FB22E4112149
:10CB4C00EA6802F03FF81DE411229046002280238F
:10CB5C0093460D32FF32ED4E92465B00043A9146FD
:10CB6C00C358B0440DE01A000133802149006350D2
:10CB7C00A754822201365200A754B04501D101F0CE
:10CB8C0046F83778FF2BEED15A46E2545346E2581A
:10CB9C004B46FF21E3582000984794225200A3589B
:10CBAC000133A35001230022DFE715229146002216
:10CBBC0080239346D64E0D325B00FF329246C3580B
:10CBCC00B1440EE01A000133802149006350A75490
:10CBDC008222013652008846A754B14501D101F09A
:10CBEC0036F93778FF2BEDD15A46E2545346E258CA
:10CBFC0084235B00E358FF212000984794225200C5
:10CC0C00A3580133A35001230022DDE790235B00DE
:10CC1C00C358002B01D1FFF796FBBE4E8023721D2B
:10CC2C009146002293460D325B00FF329246C35868
:10CC3C000EE01A000133802149006350A754822270
:10CC4C00013652008846A754B14501D101F0C7F90D
:10CC5C003778FF2BEDD15A46E2545346E2588423E1
:10CC6C005B00E358FF212000984794225200A35800
:10CC7C000133A35001230022DDE7A4235B00C75836
:10CC8C00C550343BC258112190460022C250EA686C
:10CC9C0001F098FF82235B00E35C3C2B01D101F097
:10CCAC0087FC80235B00E358FF2B01D101F06DFC66
:10CCBC00591C802282265200A1507600C43AE254BC
:10CCCC00A255112120002A6901F07CFFA35D3E2BA7
:10CCDC0001D101F054FC80235B00E358FF2B01D100
:10CCEC0001F03AFC591C80225200A150C23AE25485
:10CCFC0082235B00E25442461033E2503433E75057
:10CD0C00FFF740FB2F69EA68002F01D1FFF73AFBD0
:10CD1C001500D7190022802392460D32FF3291461E
:10CD2C005B00043A9046C3580DE01A000133802191
:10CD3C0049006350A654822201355200A654AF42DA
:10CD4C0001D1FFF71FFB2E78FF2BEED15246E25498
:10CD5C004B46E2584346FF21E35820009847942263
:10CD6C005200A3580133A35001230022DFE7EA68E5
:10CD7C00112101F027FF112120002A6901F022FF67
:10CD8C00FFF700FB122290460022802393460D32BF
:10CD9C00FF32614E92465B00043A9146C358B04450
:10CDAC000DE01A000133802149006350A754822200
:10CDBC0001365200A754464501D101F041F83778AD
:10CDCC00FF2BEED15A46E2545346E2584B46FF2114
:10CDDC00E3582000984794225200A3580133A350E3
:10CDEC0001230022DFE70D22904600228023934688
:10CDFC000D32FF32494E92465B00043A9146C358BD
:10CE0C00B0440DE01A000133802149006350A7544F
:10CE1C00822201365200A754B04501D101F009F825
:10CE2C003778FF2BEED15A46E2545346E2584B4624
:10CE3C00FF21E3582000984794225200A358013355
:10CE4C00A35001230022DFE7182291460022802301
:10CE5C009346334E0D325B00FF329246C358B144B9
:10CE6C000EE01A000133802149006350A75482223E
:10CE7C00013652008846A754B14501D100F0A0FFFD
:10CE8C003778FF2BEDD15A46E2545346E2588423AF
:10CE9C005B00E358FF212000984794225200A358CE
:10CEAC000133A35001230022DDE708229046002223
:10CEBC00802393460D32FF321A4E92465B00043AA1
:10CECC009146C358B0440DE01A000133802149004B
:10CEDC006350A754822201365200A754B04501D1A9
:10CEEC0001F00FF83778FF2BEED15A46E254534637
:10CEFC00E2584B46FF21E3582000984794225200F9
:10CF0C00A3580133A35001230022DFE7A4600120C2
:10CF1C008C600120645F0120D85F0120C85F012074
:10CF2C00A45F0120985F01200B22904600228023F1
:10CF3C0093460D32FF32EC4E92465B00043A91461A
:10CF4C00C358B0440DE01A000133802149006350EE
:10CF5C00A754822201365200A754B04501D100F0EB
:10CF6C00F7FE3778FF2BEED15A46E2545346E2587F
:10CF7C004B46FF21E3582000984794225200A358B7
:10CF8C000133A35001230022DFE780235B00C35849
:10CF9C00FF2B01D101F0E0F9591C80225200A15065
:10CFAC00823AE25482235B00E254112120002A6968
:10CFBC0001F008FEFFF7E6F911212A6901F002FEE3
:10CFCC00FFF7E0F98A235B00C258EF689146002214
:10CFDC00C250002F01D101F00AFC88235B00C2581B
:10CFEC00002304AE310000209C460095086060468A
:10CFFC004F608860581C834638788A46CA604E2831
:10D00C0001D100F00BFD01D900F0FFFC1C256D4295
:10D01C00A84680444546042D01D800F0FFFC9846F4
:10D02C008A235B00009DE150022801D101F0C6FA71
:10D03C00042805D1882302925B0002AAE2500397D0
:10D04C00112120002A6901F0BDFD3B78042B03D18E
:10D05C00029A0D33FF33E2505B461D0180235B00C7
:10D06C009846043320279A460C3D75190C3E6B6884
:10D07C00002B01D100F075FF103DAE42F7D18A2391
:10D08C004A465B00E250FFF77DF92B691A783B2A80
:10D09C0001D0FFF773F91B691B783C2B01D0FFF70C
:10D0AC006DF92A00112102F02BFF002801D0FFF7A7
:10D0BC0069F92A001121200003F068F8002801D03A
:10D0CC00FFF760F92B69EE68DF681B698749DA683E
:10D0DC001D69F3689046186805F0CCFD002801D056
:10D0EC0001F043FD3A002000112102F077FE3200DE
:10D0FC002000112102F04CFC42462000112102F0CC
:10D10C006DFE20007A49FDF711F82A00112120004C
:10D11C0002F064FEFFF736F90A22914600228023C2
:10D12C009346744E0D325B00FF329246C358B144A5
:10D13C000EE01A000133802149006350A75482226B
:10D14C00013652008846A754B14501D100F0B3FD19
:10D15C003778FF2BEDD15A46E2545346E2588423DC
:10D16C005B00E358FF212000984794225200A358FB
:10D17C000133A35001230022DDE70E22904600224A
:10D18C00802393460D32FF325B4E92465B00043A8D
:10D19C009146C358B0440DE01A0001338021490078
:10D1AC006350A754822201365200A754B04501D1D6
:10D1BC0000F07AFD3778FF2BEED15A46E2545346F5
:10D1CC00E2584B46FF21E358200098479422520026
:10D1DC00A3580133A35001230022DFE71121EA6891
:10D1EC0001F0F0FC80235B00E358FF2B01D101F030
:10D1FC002DF95A1C80267600A2512822E254822353
:10D20C005B00E254112120002A6901F0DBFCA359D8
:10D21C00FF2B01D101F007F9591C80225200A150BB
:10D22C00D73AE25482235B00E254FFF7ABF8802339
:10D23C005B00C3582D7BFF2B01D101F01BF9591C4E
:10D24C0080225200A150E55482235B00E554FFF785
:10D25C0099F81D2290460022802393460D32FF320E
:10D26C00264E92465B00043A9146C358B0440DE0FA
:10D27C001A000133802149006350A75482220136E1
:10D28C005200A754B04501D100F02AFD3778FF2B8E
:10D29C00EED15A46E2545346E2584B46FF21E3582E
:10D2AC002000984794225200A3580133A350012325
:10D2BC000022DFE7EA68124904A8F9F717FE04A870
:10D2CC0005F068FF002801D1FFF75CF800228023ED
:10D2DC0092460D32FF3291465B0004AD043A904603
:10D2EC00E3582F181CE0C0468C5F0120146101200C
:10D2FC001861012050610120406101207061012002
:10D30C00505B01201A000133802149006350A65460
:10D31C00822201355200A654BD4201D1FFF732F8EA
:10D32C002E78FF2BEED15246E2544B46E258434640
:10D33C00FF21E3582000984794225200A358013350
:10D34C00A35001230022DFE71222AB5E002B01D099
:10D35C0000F08BFFEA68E14BD168994213D01121A0
:10D36C00200001F02FFC80235B00E358FF2B01D140
:10D37C0001F060FA8022591C5200A150E03AE254AC
:10D38C0082235B00E2541022AB5E002B01D100F033
:10D39C0061FE2000D249FCF7C9FEFEF7F3FF2B69B2
:10D3AC001B78392B01D0FEF7E9FFEA68D3681B68BC
:10D3BC005978632901D101F077F92A001121200055
:10D3CC0002F09EFD002801D0FEF7DCFF2A0011219F
:10D3DC00200002F0DBFE002801D0FEF7D3FFEB6843
:10D3EC001A78322A01D101F053FBBE4ADB681100D6
:10D3FC001868904605F03EFC2B69DA68002804D1C9
:10D40C001378032B01D101F0A1FB1121200002F0B4
:10D41C00E5FCEF68B449FB681E68300005F02AFC97
:10D42C00002801D101F065FB4146300005F022FCDB
:10D43C00002801D001F06DFB2B69112120001A6925
:10D44C0002F0CCFCEB681A78322A01D0FEF79AFF76
:10D45C00DB689A68012A01D0FEF794FF5B681B78A1
:10D46C003E2B01D0FEF78EFF29212000FCF7D6FDC4
:10D47C00FEF788FFEA68112101F0A4FB082291460F
:10D48C00002280239346994E0D325B00FF32924668
:10D49C00E358B1440EE01A00013380214900635077
:10D4AC00A7548222013652008846A7544E4501D11A
:10D4BC0000F039FC3778FF2BEDD15A46E254534635
:10D4CC00E25884235B00E358FF2120009847942204
:10D4DC005200A3580133A35001230022DDE70E2292
:10D4EC009146002280239346814E0D325B00FF3221
:10D4FC009246C358B1440DE01A0001338021490013
:10D50C006350A7548222013652008846A754B14575
:10D51C0000D130E33778FF2BEED15A46E254534614
:10D52C00E25884235B00E358FF21200098479422A3
:10D53C005200A3580133A35001230022DEE7082236
:10D54C0091460022802393466A4E0D325B00FF32D7
:10D55C009246C358B1440DE01A00013380214900B2
:10D56C006350A7548222013652008846A7544E4578
:10D57C0000D176E23778FF2BEED15A46E25453466F
:10D58C00E25884235B00E358FF2120009847942243
:10D59C005200A3580133A35001230022DEE71C22C2
:10D5AC0090460022802393460D32FF32524E924613
:10D5BC005B00043A9146C358B0440CE01A000133A6
:10D5CC00802149006350A754822201365200A7548F
:10D5DC00B04500D13EE23778FF2BEFD15A46E254EA
:10D5EC005346E2584B46FF21E358200098479422BB
:10D5FC005200A3580133A35001230022E0E710226C
:10D60C0090460022802393460D32FF323B4E9246C9
:10D61C005B00043A9146C358B0440CE01A00013345
:10D62C00802149006350A754822201365200A7542E
:10D63C00B04500D1E4E23778FF2BEFD15A46E254E3
:10D64C005346E2584B46FF21E3582000984794225A
:10D65C005200A3580133A35001230022E0E7162205
:10D66C0090460022802393460D32FF32244E924680
:10D67C005B00043A9146C358B0440CE01A000133E5
:10D68C00802149006350A754822201365200A754CE
:10D69C00B04500D1D7E13778FF2BEFD15A46E25491
:10D6AC005346E2584B46FF21E358200098479422FA
:10D6BC005200A3580133A35001230022E0E70922B2
:10D6CC0090460022802393460D32FF320D4E924637
:10D6DC005B00043A9146C358B04422E0207001200C
:10D6EC00DC6001200C61012010610120D06101205F
:10D6FC00C0610120B061012090610120EC5F01202C
:10D70C00BC600120FC6001201A000133802149001B
:10D71C006350A754822201365200A754464500D1CB
:10D72C008AE13778FF2BEFD15A46E2545346E25840
:10D73C004B46FF21E3582000984794225200A358EF
:10D74C000133A35001230022E0E7EB680022984646
:10D75C009B68E14D009380232F0093460D32FF32DE
:10D76C0092465B00043A9146C35808370CE01A0005
:10D77C000133802149006350A654822201355200A6
:10D78C00A654AF4200D149E22E78FF2BEFD15A4676
:10D79C00E2545346E2584B46FF21E3582000984789
:10D7AC0094225200A3580133A35001230022E0E736
:10D7BC00EA682E69002A02D0112101F003FA8023B5
:10D7CC005B00E358FF2B01D100F007FE5A1C8025AB
:10D7DC006D0062517B22E25482235B00E2541121E2
:10D7EC003200200001F0EEF96359FF2B01D100F05B
:10D7FC00E1FD591C80225200A150833AE25482234D
:10D80C005B00E254FEF7BEFD1E22904600228023F0
:10D81C0093460D32FF32B14E92465B00043A91466C
:10D82C00C358B0440CE01A00013380214900635006
:10D83C00A754822201365200A754B04500D12CE2E5
:10D84C003778FF2BEFD15A46E2545346E2584B46F9
:10D85C00FF21E3582000984794225200A35801332B
:10D86C00A35001230022E0E7ED68002D00D0F7E380
:10D87C009B49FCF75BFCFEF785FD1121EA6802F081
:10D88C0087F8FEF77FFDEE682D693378322B01D1D6
:10D89C0000F084FC342B01D100F002FD3200112188
:10D8AC0002F076F82A001121200002F097FAFEF718
:10D8BC0069FD092290460022802393460D32FF32E7
:10D8CC00884E92465B00043A9146C358B0440CE033
:10D8DC001A000133802149006350A754822201367B
:10D8EC005200A754B04500D1EAE23778FF2BEFD1B4
:10D8FC005A46E2545346E2584B46FF21E358200067
:10D90C00984794225200A3580133A35001230022BC
:10D91C00E0E7EB68A0CB002F01D1FEF733FD00222E
:10D92C00802392460D32FF3291465B00043A9046BA
:10D93C00C358EF190DE01A000133802149006350E0
:10D94C00A654822201355200A654AF4201D1FEF7F3
:10D95C0019FD2E78FF2BEED15246E2544B46E2587D
:10D96C004346FF21E3582000984794225200A358C5
:10D97C000133A35001230022DFE72F69EA68002F4F
:10D98C0001D1FEF7FFFC1500D71900228023924627
:10D99C000D32FF3291465B00043A9046C3580DE0BD
:10D9AC001A000133802149006350A65482220135AC
:10D9BC005200A654BD4201D1FEF7E4FC2E78FF2B99
:10D9CC00EED15246E2544B46E2584346FF21E3580F
:10D9DC002000984794225200A3580133A3500123EE
:10D9EC000022DFE7C36804AE984600230491B360BD
:10D9FC001133FF33E358A650F36043467560002B98
:10DA0C0001D0FEF7D7FCFEF7D3FC50256D42A8469B
:10DA1C0080444546012D01D9FFF701FBFF68002F1B
:10DA2C0001D100F0E1FE5B461031042B01D100F076
:10DA3C002EFC5046FFF7DAFA20002A69EF3901F084
:10DA4C00C1F8FEF79FFC2000EA68EF3901F0BAF844
:10DA5C00FEF798FC2000EA68EF3901F0B3F8FEF706
:10DA6C0091FC90267600A359EA680133A35120005B
:10DA7C00EF3901F0A7F8A359013BA3511A4E4346C5
:10DA8C00B21C9146002293460D32FF329246E35867
:10DA9C000CE01A000133802149006350A754822204
:10DAAC00013652008846A754B1451FD03778FF2B5A
:10DABC00EFD15A46E2545346E25884235B00E358B4
:10DACC00FF212000984794225200A3580133A35001
:10DADC0001230022DFE7C046F06001206C5F0120CB
:10DAEC0060610120FC600120BC6101202A69E149D0
:10DAFC00013204A8F9F7FAF904A805F04BFB4346E8
:10DB0C00E358002829D0002292460D32FF3291466C
:10DB1C0004AD043A90462F180BE01A000133802113
:10DB2C0049006350A654822201355200A654AF42DC
:10DB3C0013D02E78FF2BF0D15246E2544B46E258CC
:10DB4C004346FF21E3582000984794225200A358E3
:10DB5C000133A35001230022E1E7FF2B00D1E9E3BD
:10DB6C00591C80225200A150833AE25482235B005C
:10DB7C00E254FEF707FCEA68BE49013204A8F9F743
:10DB8C00B5F904A805F006FB4346E358002829D054
:10DB9C00002292460D32FF32914604AD043A904673
:10DBAC002F180BE01A000133802149006350A65452
:10DBBC00822201355200A654AF4213D02E78FF2B8F
:10DBCC00F0D15246E2544B46E2584346FF21E3580B
:10DBDC002000984794225200A3580133A3500123EC
:10DBEC000022E1E7FF2B00D1D2E3591C8022520026
:10DBFC00A150833AE25482235B00E254FEF7C2FB4D
:10DC0C002000EA68EF3900F0DDFFFEF7BBFB2000D7
:10DC1C00EA68EF3900F0D6FFFEF7B4FB42465568D0
:10DC2C002A78613A192A00D824E3009F7B1EEA5C0B
:10DC3C00202A00D11F00002F01D1FEF7A3FB0022E8
:10DC4C00802392460D32FF3291465B00043A904697
:10DC5C00E358EF190DE01A0001338021490063509D
:10DC6C00A654822201355200A654BD4201D1FEF7C2
:10DC7C0089FB2E78FF2BEED15246E2544B46E258EC
:10DC8C004346FF21E3582000984794225200A358A2
:10DC9C000133A35001230022DFE72000EA68EF39AB
:10DCAC0000F090FFFEF76EFB2000EA68EF3900F001
:10DCBC0089FFFEF767FB2000EA68EF3900F082FF6E
:10DCCC004346E358FF2B00D1E6E3591C8022520057
:10DCDC00A150D73AE25482235B00E254FEF752FB88
:10DCEC002000EA68EF3900F06DFFFEF74BFB2000D7
:10DCFC002A69EF3900F066FF4346E358FF2B00D149
:10DD0C007FE3591C80225200A150A33AE254822393
:10DD1C005B00E254FEF736FB2000EA68EF3900F0B6
:10DD2C0051FFFEF72FFB20002A69EF3900F04AFF64
:10DD3C004346E358FF2B00D1EAE2591C80225200E3
:10DD4C00A150A33AE25482235B00E254FEF71AFB83
:10DD5C002000EA68EF3900F035FFFEF713FB2000D6
:10DD6C00EA68EF3900F02EFFFEF70CFB2000EA68A2
:10DD7C00EF3900F027FFFEF705FB2000EA68EF39CA
:10DD8C0000F020FFFEF7FEFA2000EA68EF3900F001
:10DD9C0019FFFEF7F7FA2000EA68EF3900F012FFDE
:10DDAC00FEF7F0FA2000EA68EF3900F00BFFFEF7FF
:10DDBC00E9FA2000EA68EF3900F004FFFEF7E2FA16
:10DDCC00EA682000EF3900F0FDFE2B4E4346321D71
:10DDDC009046002293460D32FF329246043A914609
:10DDEC00E3580BE01A000133802149006350A7541B
:10DDFC00822201365200A754B04513D03778FF2B3E
:10DE0C00F0D15A46E2545346E2584B46FF21E358B0
:10DE1C002000984794225200A3580133A3500123A9
:10DE2C000022E1E720002A69EF3900F0CBFEFEF773
:10DE3C00A9FA2000EA68EF3900F0C4FEFEF7A2FA56
:10DE4C002000EA68EF3900F0BDFEFEF79BFA2A6964
:10DE5C002000EF3900F0B6FE084E4346721D904686
:10DE6C00002293460D32FF329246043A9146E35813
:10DE7C0012E0C046505B0120C05F0120846001208D
:10DE8C001A000133802149006350A75482220136C5
:10DE9C005200A754B0453BD03778FF2BF0D15A46EF
:10DEAC00E2545346E2584B46FF21E3582000984772
:10DEBC0094225200A3580133A35001230022E1E71E
:10DECC00A4235B00E358002B05D01031605804AA42
:10DEDC00049062500593EA681378042B00D11BE17F
:10DEEC001121200000F06EFEA4235B00E358002BF0
:10DEFC0001D1FEF747FA8823049A5B00E250FEF743
:10DF0C0041FA2000EA68EF3900F05CFEFEF73AFABD
:10DF1C002000EA68EF3900F055FEFEF733FA2A00CC
:10DF2C001121200000F07CFEFEF74EFA94273500FC
:10DF3C007F001E00E359200099462A69EF3900F052
:10DF4C0041FEE3594B4501D0FEF71CFA4346E3581A
:10DF5C00B34201D0FEF716FA4346023EE650FEF7F6
:10DF6C0011FA4246A258FF2A01D100F046FC531C7C
:10DF7C00414663505346A754112120002A68E754A8
:10DF8C0000F04EFEFFF778F82F2E01D0FEF718FBAD
:10DF9C00C36805009846FEF713FB072F01D0FEF768
:10DFAC0063FA2B691978002901D0FEF75DFA19691B
:10DFBC00012901D0FEF758FA3D2E01D0FEF754FA94
:10DFCC00DB681B78302B01D100F0F3FD312B01D035
:10DFDC00FEF74AFAE949FCF7A9F8FEF7D3F9EA6823
:10DFEC00E749013204A8F8F781FF04A805F0D2F83C
:10DFFC00002801D1FEF7C6F90022434692460D32A5
:10E00C00FF32914604AD043A9046E3582F180DE0C8
:10E01C001A000133802149006350A6548222013535
:10E02C005200A654AF4201D1FEF7ACF92E78FF2B6B
:10E03C00EED15246E2544B46E2584346FF21E35898
:10E04C002000984794225200A3580133A350012377
:10E05C000022DFE72000CB49FCF768F8FEF792F9C5
:10E06C00C949FCF763F82A00C54904A8F8F73EFF34
:10E07C0004A805F08FF880235B00E358002829D012
:10E08C00002292460D32FF32914604AD043A90467E
:10E09C002F180BE01A000133802149006350A6545D
:10E0AC00822201355200A654AF4213D02E78FF2B9A
:10E0BC00F0D15246E2544B46E2584346FF21E35816
:10E0CC002000984794225200A3580133A3500123F7
:10E0DC000022E1E7FF2B00D1D0E38022591C520033
:10E0EC00A150833AE25482235B00E254FEF74AF9D2
:10E0FC000027FEF7B9F9D268002A01D1FEF73EF9E4
:10E10C0088256D006659112133682000635100F099
:10E11C0059FD6651FEF736F911212000D26800F046
:10E12C0051FDA4235B00E358002B03D08823049AF1
:10E13C005B00E25082235B00E35C3C2B01D100F0DE
:10E14C0054FC80235B00E358FF2B01D100F03BFC17
:10E15C0080228226591C5200A1507600C43AE25407
:10E16C00A255EB6811211A69200000F02BFDA35D6C
:10E17C003E2B01D100F021FC80235B00E358FF2BE8
:10E18C0001D100F008FC8022591C5200A150C23A67
:10E19C00E25482235B00E254FEF7F4F8F3681F6844
:10E1AC0039780B00613B612905D17A781300643B07
:10E1BC00642A00D1BB782A78002B03D1032A01D121
:10E1CC0000F030FC392A01D100F083FC732913D103
:10E1DC007B785A2B00D062E3BB78002B00D05EE337
:10E1EC0029002000FBF75CFFFBF7A0FE01002000DC
:10E1FC00FCF706F8FEF7C6F811213200200001F0FA
:10E20C00C7FB397867290CD17B78732B09D1BB7884
:10E21C00002B06D12A001121200000F0D3FCFEF7C0
:10E22C00B1F8732901D0FFF73DFB7B78742B01D03B
:10E23C00FFF738FBBB78002B01D0FFF733FB200036
:10E24C004B39FBF7EBFE20002A00112100F0BAFC41
:10E25C0029212000FBF7E2FEFEF794F82A00112199
:10E26C00200000F0DDFCFEF786F94849FBF75EFF65
:10E27C00FFF770F8FF2B00D17AE38022591C520073
:10E28C00A150E03AE25482235B00E254CDE45246C2
:10E29C001133FF33E25001220433E250FEF772F8DF
:10E2AC0080235B00C358FF2B00D1DBE380275A1C73
:10E2BC007F00E2512822E25482235B00E2541121B8
:10E2CC002000F26800F07EFCE359FF2B00D1B8E38C
:10E2DC008022591C5200A150D73AE25482235B0091
:10E2EC00E254FFF7DFFA00239846A3550D33FF33B2
:10E2FC00E258043B3100E3582000984794224346EF
:10E30C005200E351A35800260133A350FEF7EEF858
:10E31C000022E25486235B00E258043BFF21E358C1
:10E32C002000984794225200A35801210133A35096
:10E33C00002303E50022E25486235B00E258043BF1
:10E34C00FF21E3582000984794225200A358012142
:10E35C000133A350002304E40022C25486235B0043
:10E36C00C258043BFF21C358984794225200A3582B
:10E37C0001210133A3500023FEF70FFE3861012069
:10E38C00505B0120E460012068610120D460012011
:10E39C000022E25486235B00E258043BFF21E35841
:10E3AC002000984794225200A35801210133A35016
:10E3BC0000231BE40022E25486235B00E258043B5A
:10E3CC00FF21E3582000984794225200A3580121C2
:10E3DC000133A3500023FFF70DFA0022E2548623E9
:10E3EC005B00E258043BE358FF212000984794223D
:10E3FC005200A3580133A350283A0023FF3AFFF7E9
:10E40C00E6F90022E25486235B00E258043BFF212C
:10E41C00E3582000984794225200A358012101335D
:10E42C00A35000236EE40022E25486235B00E258E2
:10E43C00043BFF21E3582000984794225200A35834
:10E44C0001210133A3500023FEF7E7FE0022E25422
:10E45C0086235B00E258043BE358FF2120009847D9
:10E46C0094225200A3580133A350283A0023FF3AB8
:10E47C00FEF7C0FE0022C25486235B00C258043B48
:10E48C00FF21C358984794225200A358012101330D
:10E49C00A3500023FEF7D4FE0022E25486235B0037
:10E4AC00E258043BFF21E358200098479422520085
:10E4BC00A35801210133A350002307E42000E649AF
:10E4CC00FBF734FE3A69E549013204A8F8F70EFD72
:10E4DC0004A804F05FFE002830D00022804693464A
:10E4EC000D32FF3204ADA84480239246043A914683
:10E4FC0042465B00B846E35817000AE019000133A6
:10E50C0080225200A350013504326654A654BD42F9
:10E51C0013D02E78FF2BF1D15A46E2545346E258D1
:10E52C004B46FF21E3582000984794225200A358F1
:10E53C0000210133A3500123E2E747462000C849DC
:10E54C00FBF7F4FDFF68FDF779FF8C23009C5B0063
:10E55C000132E250FDF716FF0022E25486235B00E5
:10E56C00E258043BFF21E3582000984794225200C4
:10E57C00A35801210133A3500023FEF7B4FB202143
:10E58C002000FBF74BFDFEF7A6FB0022E25486238E
:10E59C005B00E258043BFF21E3582000984794228B
:10E5AC005200A35801210133A3500023FEF781FB35
:10E5BC0020212000FBF732FDFEF773FB3F69397811
:10E5CC00482900D128E2434692461B01F3180095D6
:10E5DC0001964E290CD008D81C39042908D952466A
:10E5EC00009D019E3878FEF723FD50390129F6D89D
:10E5FC005946042900D1FAE019001D00103145CD0F
:10E60C0045C12D6898460D608A211B614900103365
:10E61C0042466350002191605146D1605946576083
:10E62C00FF6801318B46002F00D1E0E03978D0E74C
:10E63C000022E25486235B00E258043BFF21E3589E
:10E64C002000984794225200A35801210133A35073
:10E65C000023EA68FDF710FF20005B21FBF7DEFCCE
:10E66C00200011212A6900F0ADFA5D212000FBF792
:10E67C00D5FCFDF787FE2D212000FBF7CFFCFDF725
:10E68C001AFF0022E25486235B00E258043BFF2170
:10E69C00E3582000984794225200A35801210133DB
:10E6AC00A3500023FDF7FAFE1B78190072390129DB
:10E6BC0004D9633B012B01D9FEF77FFE2000112109
:10E6CC0001F066F920003C21FBF7A8FC2B69200027
:10E6DC00DA68112100F076FA20006249FBF726FD7A
:10E6EC002B69200011211A6900F06CFA29212000F5
:10E6FC00FBF794FCFDF746FE2B691B78002B01D031
:10E70C00FDF7B2FE3E2E00D14FE2023F1121200058
:10E71C002A69FFB200F056FA042F01D9FDF732FE38
:10E72C00514BBF00DB599F4620005049FBF7FEFCC4
:10E73C00FDF728FE20004E49FBF7F8FCFDF722FE02
:10E74C006C212000FBF76AFCFDF71CFE75212000F4
:10E75C00FBF764FCFDF716FE20004649FBF7E6FCD0
:10E76C00FDF710FE3033FF33E058002800DCC9E021
:10E77C00043BE1584746002304E00133083183424F
:10E78C0000D1BEE00A689742F7D196235B00E058AF
:10E79C00B846031E04D12FE15B68002B00D12AE19F
:10E7AC001A68BA4203D0AA42F6D18342F4D0390097
:10E7BC002000B846FBF754FC002801D1FDF7DEFD24
:10E7CC0003784F462F2B01D0FDF7EBFEF533E158C4
:10E7DC00002901DAFFF7D8FBFBF7B8FB002800D1C2
:10E7EC00AAE10378FDF7DDFE8A235B00E1508C2360
:10E7FC0001225B00E250FDF7C5FDA35486235B00AC
:10E80C00E258043BE358FF21200098479422520021
:10E81C00A3580133A35001230022FFF7A9FB2000CA
:10E82C005A46113101F0DAFA20001349FBF77EFC4D
:10E83C00FDF7A8FD00268622E65452000933E35862
:10E84C00A258FF212000984794225200A35801336C
:10E85C00A3503300FEF78EFD505F0120505B01206A
:10E86C00605F0120086101202463012028610120E0
:10E87C00246101202C6101205C610120002586228D
:10E88C00E55452000933E358A258FF212000984761
:10E89C0094225200A3580133A3502B001DE473297A
:10E8AC0000D0A9E47B78502B00D0A5E40022BB78E3
:10E8BC00934200D0A0E4160004E001362D69002D2F
:10E8CC0000D1DFE02B782F2B00D0DBE0EB68002BA6
:10E8DC0000D1D7E01A784C2AEFD1D9682000FBF789
:10E8EC00DFFB0023984207D109E0C268002A06D05A
:10E8FC0000690133002802D002782F2AF5D0F618CF
:10E90C00DCE7B8469C235B00E35883422ADD98235E
:10E91C005B00E358C2009A219B1842464900013023
:10E92C00605004C388225200A158002900D1F8E09D
:10E93C00A0273432A2587F0094460095E2590FE08C
:10E94C00D00083469E20400020584D685844013228
:10E95C00E2514560186009680300002900D1DFE02E
:10E96C006245EDDB8C2301225B00E250FDF70AFDD2
:10E97C0000268622E65452000933E358A2582000A0
:10E98C000139984794225200A3580133A3504346AF
:10E99C005D68330071E400258622E554520009338A
:10E9AC00E358A258FF212000984794225200A35804
:10E9BC000133A3502B00FFF7E6FB20212000FBF7CF
:10E9CC002DFBFFF7D9FB00268622E65452000933B3
:10E9DC00E358A258FF212000984794225200A358D4
:10E9EC000133A3503300FFF7B3FB20212000FBF7CA
:10E9FC0015FBFFF7A6FBB84688235B00E258200006
:10EA0C0092464A684146E250FBF72AFB002800D1A7
:10EA1C0096E001239946D3E6FF68002F00D1E6E685
:10EA2C003978D0E5EB681A78012A01D0FFF7CEFBD4
:10EA3C002A691278292A01D0FFF7C8FB1D00FFF7BD
:10EA4C00C5FB00268622E65452000933E358A2582F
:10EA5C00FF212000984794225200A3580133A35061
:10EA6C00330035E400278622C75452000933C358BB
:10EA7C008258FF21984794225200A3580133A35087
:10EA8C003B0013E431002000FBF7BAFBFDF77AFCE6
:10EA9C00DA689168012901D0FEF7A7FC5268127858
:10EAAC003E2A01D0FEF7A1FC20002731FBF7B6FA75
:10EABC00EB68FEF79AFC2A69112100F083F84346B3
:10EACC004A46E250B368002B01D1FEF709F8FDF776
:10EADC0059FC2000EA68112101F080F93200112163
:10EAEC00200000F055FFFDF74DFCEB689846FDF754
:10EAFC0067FD20005B21FBF791FA2B6920001121A7
:10EB0C001A6900F05FF85D212000FBF787FAFEF729
:10EB1C0099FC3A001121200000F03AFFFEF78CFC22
:10EB2C00009D0022414620001A60FBF799FA00284C
:10EB3C0000D045E6FDF722FC002F01D1FDF71EFCAD
:10EB4C00882352465B00E250FDF718FC13691B78D2
:10EB5C00292B03D08C2301215B00E15011212000D3
:10EB6C00D26801F03BF9FEF754FC20001349FBF787
:10EB7C00DDFAFB68002B08D0112120003A0001F0CF
:10EB8C002DF920212000FBF749FA424611212000E3
:10EB9C0000F018F8002D01D1FDF7F4FB2A0011212B
:10EBAC00200001F01BF9FDF7EDFB2D21FBF736FAE8
:10EBBC00ABE50349FBF7BAFAFDF7E4FB1C61012056
:10EBCC0030610120F0B50500140083B0002A21D07B
:10EBDC005368012B1EDC8E26802176008259C900D9
:10EBEC008A4217DC962701337F006360C3590132D8
:10EBFC0001936B4682511121C35122000094FDF701
:10EC0C008BFB019BEB516368013B6360AB59013B90
:10EC1C00AB5103E08C2301225B00EA5003B0F0BD42
:10EC2C00F8B54546DE4657464E461378E0B5033BED
:10EC3C00DBB2040015004E2B03D8D64A9B00D358E8
:10EC4C009F462A0011212000FFF7BCFFF0BCBB46F9
:10EC5C00B246A946A046F8BD0022CF4D80232F0016
:10EC6C0092460D32FF3291465B00043A9046C358EF
:10EC7C0009370AE01900013380225200A3500135F4
:10EC8C0004326654A654AF42E0D02E78FF2BF1D15B
:10EC9C005246E2544B46E2584346FF21E3582000CB
:10ECAC00984794225200A35800210133A35001230A
:10ECBC00E2E70022B94D80232F0092460D32FF323D
:10ECCC0091465B00043A9046C35809370AE0190094
:10ECDC00013380225200A350013504326654A654ED
:10ECEC00BD42B3D02E78FF2BF1D15246E2544B46A5
:10ECFC00E2584346FF21E3582000984794225200E3
:10ED0C00A35800210133A3500123E2E70022802302
:10ED1C0092460D32FF32A24D91465B00043A90466A
:10ED2C00C358AF1D0BE01900013380225200A350D1
:10ED3C00013504326654A654AF4200D186E72E78D2
:10ED4C00FF2BF0D15246E2544B46E2584346FF218A
:10ED5C00E3582000984794225200A3580021013315
:10ED6C00A3500123E1E78F4E8023B21D9046002271
:10ED7C0093460D32FF3292465B00043A9146C358DB
:10ED8C000BE01900013380225200A35001360432EB
:10ED9C006754A754B04500D1BAE13778FF2BF0D1B6
:10EDAC005A46E2545346E2584B46FF21E3582000A2
:10EDBC00984794225200A35800210133A3500123F9
:10EDCC00E1E7802149004258FF2A00D140E2531C60
:10EDDC004350E03981548222520081542CE080232C
:10EDEC005B00C258FF2A00D121E2531C802149004C
:10EDFC006350E039A15482225200A1542CE08023AC
:10EE0C005B00C358FF2B00D100E2591C802252003A
:10EE1C00A150E03AE25482235B00E254112120001D
:10EE2C002A69FFF7CFFE11E71121EA68FFF7CAFE46
:10EE3C000CE780235B00C358FF2B00D1B2E1591CB7
:10EE4C0080225200A150DA3AE25482235B00E25451
:10EE5C00FCE680235B00C358002292460D32FF3241
:10EE6C00514D9146043A9046AF1C0BE0190001330A
:10EE7C0080225200A350013504326654A654AF428E
:10EE8C0000D1E3E62E78FF2BF0D15246E2544B46EC
:10EE9C00E2584346FF21E358200098479422520041
:10EEAC00A35800210133A3500123E1E700223F4D79
:10EEBC0080232F0092460D32FF3291465B00043ABC
:10EECC009046C35809370BE01900013380225200D9
:10EEDC00A350013504326654A654BD4200D1B5E6A8
:10EEEC002E78FF2BF0D15246E2544B46E258434663
:10EEFC00FF21E3582000984794225200A358002188
:10EF0C000133A3500123E1E70022294D80232F0078
:10EF1C0092460D32FF3291465B00043A9046C3583C
:10EF2C000B370BE01900013380225200A35001353E
:10EF3C0004326654A654AF4200D187E62E78FF2BDC
:10EF4C00F0D15246E2544B46E2584346FF21E35877
:10EF5C002000984794225200A35800210133A3505B
:10EF6C000123E1E782235B00C35C282B00D00AE17C
:10EF7C00EA6811212000FFF725FE0022802392462B
:10EF8C000D32FF320B4D91465B00043A9046E3582C
:10EF9C00EF1C1DE0AC6301203863012044630120A9
:10EFAC005063012078630120806301208463012079
:10EFBC00906301209C6301201900013380225200D0
:10EFCC00A350013504326654A654AF4200D13DE63D
:10EFDC002E78FF2BF0D15246E2544B46E258434672
:10EFEC00FF21E3582000984794225200A358002197
:10EFFC000133A3500123E1E70A229146002280232A
:10F00C009346AD4E0D325B00FF329246C358B1446D
:10F01C000DE01A000133802149006350A75482226D
:10F02C00013652008846A754B14500D198E0377894
:10F03C00FF2BEED15A46E2545346E25884235B0030
:10F04C00E358FF212000984794225200A358013323
:10F05C00A35001230022DEE70022984D80232F00CD
:10F06C0092460D32FF3291465B00043A9046C358EB
:10F07C0011370BE01900013380225200A3500135E7
:10F08C0004326654A654AF4200D1DFE52E78FF2B34
:10F09C00F0D15246E2544B46E2584346FF21E35826
:10F0AC002000984794225200A35800210133A3500A
:10F0BC000123E1E7092290460022802393460D327A
:10F0CC00FF327F4E92465B00043A9146C358B044DF
:10F0DC000AE01900013380225200A3500136043299
:10F0EC006754A754464513D03778FF2BF1D15A46B5
:10F0FC00E2545346E2584B46FF21E3582000984710
:10F10C0094225200A35800210133A3500123E2E7BB
:10F11C002A69002A00D199E5FF2B64D0591C80255F
:10F12C006D0061512821E15482235B00E1542000E1
:10F13C001739FFF747FD6359FF2B1AD10022E25410
:10F14C0086235B00E258043BFF21E35820009847DC
:10F15C0094225200A35801210133A350002309E04B
:10F16C002000EA68EF39FFF72DFD4346E358FF2BEB
:10F17C00E4D0591C80225200A150D73AE254822389
:10F18C005B00E25462E580235B00C358FF2B71D017
:10F19C00591C80225200A150E03AE25482235B00B9
:10F1AC00E254E5E60022E25486235B00E258043B7D
:10F1BC00FF21E3582000984794225200A3580121C4
:10F1CC000133A35000233BE680235B00C358FF2B85
:10F1DC0061D0591C80225200A150D63AE2548223AD
:10F1EC005B00E25432E50022E25486235B00E258D5
:10F1FC00043BFF21E3582000984794225200A35867
:10F20C0001210133A35000232A6988E70022C2544C
:10F21C0086235B00C258043BFF21C35898479422B5
:10F22C005200A35801210133A3500023EEE5002323
:10F23C0083540D33FF33C258043BC358FF21984706
:10F24C0094225200A3580133A35001230022CDE590
:10F25C00002383540D33FF33C258043BC358FF21A2
:10F26C00984794225200A3580133A35020232370B3
:10F27C001F3BE4E50022C25486235B00C258043BCA
:10F28C00FF21C358984794225200A35801210133FF
:10F29C00A35000237DE70022C25486235B00C25892
:10F2AC00043BFF21C358984794225200A3580121D4
:10F2BC000133A35000238DE7A06301205863012084
:10F2CC006C630120F0B54646D6464F460400C0B5E7
:10F2DC001D001600002B16D0012782489A68002AC0
:10F2EC0011D15A6811781939C9B2122908D83A00C3
:10F2FC008A40024256D1E02109010A4200D09DE029
:10F30C001B68002BEAD18A2300225B00E7581121ED
:10F31C00E250200000232A0000F0E6F880235B0076
:10F32C00E258FF2A6BD08021531C49006350D83916
:10F33C00A15482225200A1543269002A06D0112114
:10F34C002000FFF73FFC80235B00E358FF2B17D016
:10F35C00591C80225200A150D73AE25482235B0000
:10F36C00E254043B2A0011212000FF3B00F0BCF8C2
:10F37C008A235B00E750E0BCBA46B146A846F0BD14
:10F38C000022E25486235B00E258043BFF21E35841
:10F39C002000984794225200A35801210133A35016
:10F3AC000023D6E782235B00E25C8021490063588E
:10F3BC00202A50D1FF2B5AD05A1C80214900625070
:10F3CC002822E25482235B00E254002288469946AC
:10F3DC001033E7589246E250200000232A00EF3900
:10F3EC0000F082F84346E358FF2B53D041465A1C99
:10F3FC006250D739E1544B46E154FF2A93D1002394
:10F40C00A3540D33FF33E258043BE358FF21200093
:10F41C00984794225200A3580133A3508023283AD2
:10F42C005B00FF3AE2500432D83BFF322370A35406
:10F43C003269002A00D082E7012389E782235B002E
:10F44C00E25C033B1100FF3B99432829ADD180239B
:10F45C005B00E358AEE7FF2B30D05A1C6250E0390A
:10F46C00E15482235B00E1541300FF2BA4D1002252
:10F47C00E25486235B00E258043BE358FF21200052
:10F48C00984794225200A3580133A350283A0023E2
:10F49C00FF3A92E75246E25486235B00E258043B63
:10F4AC00E358FF212000984794225200A3580133BF
:10F4BC00A3502923283A2370FF3A34E70022E25460
:10F4CC0086235B00E258043BE358FF212000984759
:10F4DC0094225200A3580133A350202323701F3BC6
:10F4EC006AE7C04607310400F0B54E46DE46574683
:10F4FC004546E0B50400160099468BB0002A00D1B1
:10F50C0081E08C2388275B009846183BFF3B9A468A
:10F51C004D467F0014E04E2B0FD061D9503B012B90
:10F52C000BD95346B360E3599946F368E351112163
:10F53C002000FFF775FB4B46E3513668002E62D076
:10F54C004346E358002B5ED1B368002BF5D17268AB
:10F55C001378002DDFD05146B160E1598946F1682E
:10F56C00E151292B48D02A2B54D0022BDFD18A27EA
:10F57C007F00E359D268984600231121E351200003
:10F58C00FFF720FB4346E3517F4F8023BA1C924682
:10F59C0082224D465B00520098469146AB46E3589A
:10F5AC0009E01A00013341466350A5544A4601371D
:10F5BC00A554574536D03D78FF2BF2D10022E254AA
:10F5CC0086235B00E258043BE358FF212000984758
:10F5DC0094225200A3580133A35001230022E2E7E6
:10F5EC0019001C390429A8D95146B160E159894642
:10F5FC00F168E151292BB6D14D4611212000336819
:10F60C00FFF760FEE5510BB0F0BCBB46B246A94615
:10F61C00A046F0BD4D4611212000336800F0BCF827
:10F62C00E551F0E772685D4617693A78482A14D0BC
:10F63C004E2A0FD00BD81C3A042A0BD93A001121B0
:10F64C002000FFF7BFFA88235B00E550DBE7503A58
:10F65C00012AF3D8FF683A78EAE73B3A91464B4ED9
:10F66C00FF329346043A9246B14401970CE01A00DB
:10F67C000133802149006350A75482220136520085
:10F68C008846A7544E4513D03778FF2BEFD1002274
:10F69C00E2545B46E2585346FF21E358200098475A
:10F6AC0094225200A3580133A35001230022E0E717
:10F6BC00019F37493A6903A80132F7F717FC03A8F1
:10F6CC0003F068FD4346E35800282FD00022804603
:10F6DC0093460D32FF3203AEB0449146043A924643
:10F6EC0042460197A84615000AE019000133802212
:10F6FC005200A350013604326754A754AE4213D0C3
:10F70C003778FF2BF1D15A46E2544B46E258534618
:10F71C00FF21E3582000984794225200A35800215F
:10F72C000133A3500123E2E74546019F194E01978F
:10F73C00F21C9046002293460D32FF329146043A59
:10F74C0092460AE01900013380225200A350013680
:10F75C0004326754A754B04513D03778FF2BF1D13E
:10F76C005A46E2544B46E2585346FF21E3582000D8
:10F77C00984794225200A35800210133A35001232F
:10F78C00E2E7019F66E7C0464C5F0120505F012015
:10F79C00505B0120605F0120F0B55746DE464E46B7
:10F7AC004546E0B50400170019001A0083B0002B81
:10F7BC0003D150E00968002948D08B68002BF9D19F
:10F7CC004B681B782A2B00D073E0002311212000FA
:10F7DC00FFF78AFE80235B00E258FF2A4BD0802182
:10F7EC00531C49006350A539A15482225200A154E4
:10F7FC00FA68002A06D011212000FFF7E3F98023D4
:10F80C005B00E358FF2B0FD0591C80225200A150F3
:10F81C00A33AE25482235B00E25403B0F0BCBB4633
:10F82C00B246A946A046F0BD0022E25486235B00F6
:10F83C00E258043BFF21E3582000984794225200E1
:10F84C00A35801210133A3500023DEE7002311212B
:10F85C002000FFF749FE80235B00E358FF2B6AD0A2
:10F86C0080215A1C49006250E039E15482235B002C
:10F87C00E154FF2AB3D10023A3540D33FF33E258D4
:10F88C00043BE358FF212000984794225200A358D0
:10F89C000133A3508023283A5B00FF3AE250043234
:10F8AC00A53BFF322370A354FA68002AA3D101238D
:10F8BC00AAE78023344D5B00E158AB1C9A46002329
:10F8CC0001979B4617000DE00B000131802252007E
:10F8DC00A150E654822301355B0090469946E654CC
:10F8EC00554514D02E78FF29EED15B466354862300
:10F8FC005B00E258043BFF21E35820009847942218
:10F90C005200A35801210133A3500023DEE73A0033
:10F91C00002311212000019FFFF7E6FD4346E2582A
:10F92C00FF2A1CD04146531C63502921A1544A463E
:10F93C00A154FF2B94D10022E25486235B00E258A1
:10F94C00043BE358FF212000984794225200A3580F
:10F95C000133A3502023283A2370FF3A3FE70023BA
:10F96C00A3540D33FF33E258043BE358FF2120002E
:10F97C00984794225200A3580133A350034B273AC3
:10F98C002380FF3A2BE7C046586101202920000054
:10F99C00F0B5D6464F46464613780400C0B5322B18
:10F9AC0007D01121FFF70EF9E0BCBA46B146A846C4
:10F9BC00F0BDD3689F685D68002FF5D000228023CE
:10F9CC0092460D32FF3291465B00043A9046C35882
:10F9DC00EF190AE01900013380225200A3500135BF
:10F9EC0004326654A654BD42DED02E78FF2BF1D1E2
:10F9FC005246E2544B46E2584346FF21E35820005E
:10FA0C00984794225200A35800210133A35001239C
:10FA1C00E2E7C046F0B5DE46574645464E46E0B5F1
:10FA2C00EBB0037800AF05008B46FA605F2B00D17A
:10FA3C003AE1A1490822280002F012FA002100281C
:10FA4C0000D1FFE001233B658B1E1A00501E824142
:10FA5C00DBB245323A617B6111225B4692468B46A2
:10FA6C00BB6039E07B69012B00D99CE02C00EB7A60
:10FA7C000B347C625F2B03D12B7B5A2B00D19AE089
:10FA8C00200003F087FB4346002B00D100E100234C
:10FA9C0001227360B360FA62002800D1F8E0337081
:10FAAC00F460306118200023320039693818FAF7F5
:10FABC0013F90600200003F06DFB24187C622378F8
:10FACC00002B02D1002E00D0F8E03B6D013300D0AA
:10FADC00E0E000233B65CD46280003F05BFB2B18D0
:10FAEC00FB6153463B62430098463B630023FB6239
:10FAFC00BB633B647B64BB64FB647B658023BD613F
:10FB0C007D62F8631B01984500D9D3E06A468300F7
:10FB1C001818C000121AE94695460733DB08DB00BB
:10FB2C00D31A6E467B639D465B46BE62012B99D110
:10FB3C002B785F2BC9D16B1C7B626B785A2BC4D191
:10FB4C00AB1C7B62AB78472B00D199E0542B00D1D6
:10FB5C0096E018230121F818FCF766FB06007A6A78
:10FB6C00396A1378C907ABD5002188462E2BA7D14B
:10FB7C00110032007D604B7818006138192805D9C6
:10FB8C005F2B03D0303B092B00D915E18C1C23785B
:10FB9C0018006138192804D93130092801D95F2B94
:10FBAC0018D10134F3E71823F818FAF7A5FC7B6A8F
:10FBBC0006001B7884E72B000D337B626B7B472B95
:10FBCC0001D0542B54D11823F818FBF7CFFF7C6AC3
:10FBDC00060067E72E2B12D16378303B092B0ED829
:10FBEC00A378A51C180030382C000928F2D86378AB
:10FBFC000134180030380928F9D92E2BECD0F86ACA
:10FC0C003B6B661A7C62984240DA83001B189D009D
:10FC1C00BB6A01305B1945465D609D60F862002E41
:10FC2C0034DD5D609D601D70D9601E6118204F2110
:10FC3C003818FAF751F8237802002E2B00D0C0E0C8
:10FC4C00210098E72B7A2E2B04D05F2B02D0242B8B
:10FC5C0000D0F7E66B7A442B00D1B5E00021492B9C
:10FC6C0000D0EFE6A97A5F394B4259414900E9E6E9
:10FC7C0018230021F818FCF7D7FA7C6A060011E764
:10FC8C001823F818FBF772FF060068E70023CDE78E
:10FC9C00002607E70020CD46BD466BB0F0BCBB4646
:10FCAC00B246A946A046F0BD43785A2B00D0C0E618
:10FCBC000121C7E60020EFE7545B01209846BB68A2
:10FCCC0018209B46402342461B18DC19E8331B18AE
:10FCDC00DB191A6082235B00E2540C33E2500433CC
:10FCEC00E2501033E2500433E2505A46203BE250CB
:10FCFC00FA680433E25042460C33E25090238E25CE
:10FD0C005B00E250C0210C33E2500833E2506D002E
:10FD1C000433E25062510023002249000918C9192A
:10FD2C000A604B6020003100FAF7C2F88023625958
:10FD3C001B019A4201DA434663519C23A221002005
:10FD4C0049005B00E25863586D46534363500431DD
:10FD5C006050002A27DD6946D2008A1A9546002B8E
:10FD6C0028DD6946DB00CB1A9D4698235B00E250E8
:10FD7C006A460C33E250112132002000FEF722FFBC
:10FD8C0080235B00E158002363540D33FF33E258AA
:10FD9C00043B2000E358AD4698478C235B00E058A9
:10FDAC004342584177E701226946D2008A1A9546A8
:10FDBC00002BD6DC0123D4E77B6A16007D681B7808
:10FDCC007EE606007D687BE6A97A5F394B1E994179
:10FDDC00022349429943033134E6C046F0B5C64686
:10FDEC0000B513780400150082B0012B03D9312B18
:10FDFC0001D0062B40D16B68012B35DC8E225200D2
:10FE0C00A15880220127D20091422DDC01336B6076
:10FE1C0096235B009846E3588E266A460193434628
:10FE2C0076000131A1512000E25011212A000095E9
:10FE3C00FCF772FA4246019BA3506B68013B6B6066
:10FE4C00A359013BA351002F12D180235B00E25830
:10FE5C00FF2A2ED0511C80235B00E150D73BA354CA
:10FE6C0082225200A35403E08C2301225B00E25057
:10FE7C0002B080BCB846F0BD80235B00C358FF2B9A
:10FE8C0029D05A1C802149006250D839E154822370
:10FE9C005B00E1546B68012B06DC8E21802049004D
:10FEAC006158C000814228DD8C2301215B00E150A8
:10FEBC00CEE70023A3540D33FF33E258043BFF215C
:10FECC00E3582000984794225200A3580121013393
:10FEDC00A3500022BFE70022C25486235B00C25805
:10FEEC00043BC358FF21984794225200A358013376
:10FEFC00A350283A0023FF3AC4E7002786E7C04600
:10FF0C00F0B5DE4657464E464546D368E0B5DB684D
:10FF1C0004001B680020197883B0662974D112691B
:10FF2C00D16816698A460021327888463C2A00D16D
:10FF3C00B6E092225200A158894601214942A150B3
:10FF4C005B786C2B00D1AFE065D84C2B01D0522BD9
:10FF5C0055D180235B00E358FF2B00D1FCE05A1CE9
:10FF6C0080256D0062512822E25482235B00E2540A
:10FF7C00112132002000FFF731FF524611212000E1
:10FF8C00FFF706FD63597E4DEA1C93460BE01A0001
:10FF9C00013380277F00E351A654822201355200A1
:10FFAC00A6545D4514D02E78FF2BF0D10022E254DC
:10FFBC0086235B00E258043BE358FF21200098475E
:10FFCC0094225200A3580133A35001230022E0E7EE
:10FFDC00524611212000FFF7DBFC42461121200084
:10FFEC00FFF7FCFEE359FF2B00D190E0591C802257
:04FFFC005200A150BE
:020000041001E9
:10000000D73AE25482235B00E25492234A4601200D
:100010005B00E25003B0F0BCBB46B246A946A04626
:10002000F0BD722BF1D180235B00E358FF2B00D190
:1000300085E05A1C80256D0062512822E2548223FB
:100040005B00E254112132002000FFF7CDFE524642
:1000500011212000FFF7A2FC002293460D32FF324F
:1000600063594B4D9246043A90462F1D0AE0190001
:10007000013380225200A350013504326654A65445
:10008000BD42C2D02E78FF2BF1D15A46E2545346DE
:10009000E2584346FF21E35820009847942252003B
:1000A000A35800210133A3500123E2E73269F66827
:1000B000904644E7374D80232A1D904600225B007E
:1000C0009346E35801960BE01A00013380277F0026
:1000D000E351A654822201355200A654A84514D0FB
:1000E0002E78FF2BF0D15A46E25486235B00E2586B
:1000F000043BE358FF212000984794225200A35864
:100100000133A35001230022E0E7019E5246112152
:100110002000FFF743FC320066E70022E25486230A
:100120005B00E258043BFF21E358200098479422EB
:100130005200A35801210133A35000235DE70022A0
:10014000E25486235B00E258043BE358FF21200081
:10015000984794225200A3580133A350283A002311
:10016000FF3A67E70022E25486235B00E258043B33
:10017000E358FF212000984794225200A3580133EE
:10018000A350283A0023FF3AF0E6C0465C61012004
:10019000F0640120E8640120F0B5DE4657464E4683
:1001A00045460221E0B51378040083B000208B435C
:1001B000382B06D003B0F0BCBB46B246A946A046D9
:1001C000F0BDD368DB681E683378642BF2D1737896
:1001D000692B13D01E318B43582BEBD11369DD688B
:1001E0001F6980235B00E358FF2B00D195E05A1C68
:1001F0008021490062505B22E2540EE01369DD6801
:100200001F6980235B00E358FF2B00D1BBE05A1C21
:100210008021490062502E22E25482235B00E25486
:1002200011212A002000FEF7D3FC7378582B3ED012
:10023000692B0ED080235B00E358FF2B00D190E0A8
:10024000591C80225200A150A33AE25482235B0041
:10025000E25402223B789343382B14D080235B0076
:10026000E358FF2B6BD0591C80225200A150C33A97
:10027000E25482235B002000E25411213A00FFF790
:10028000B3FD012096E7FB68DB681B681A78642AD7
:10029000E4D15B78692B03D0443A9343582BDDD1EA
:1002A00020003A001121FEF793FC012082E73F4D28
:1002B000A8336A1D9046002292460D32FF329146C5
:1002C000043A9346E35801960AE01900013380226C
:1002D0005200A350013504326654A654A84513D0E9
:1002E0002E78FF2BF1D15246E2544B46E2585B4642
:1002F000FF21E3582000984794225200A358002180
:100300000133A3500123E2E7019EFA681121200086
:10031000FEF75EFC3F6973788AE7E05486235B0052
:10032000E258043BE358FF212000984794225200F2
:10033000A3580133A350283A0023FF3A58E700227C
:10034000E25486235B00E258043BFF21E35820007F
:10035000984794225200A35801210133A35000234F
:1003600082E70022E25486235B00E258043BFF212F
:10037000E3582000984794225200A35801210133EA
:10038000A35000235DE7E05486235B00E258043B62
:10039000E358FF212000984794225200A3580133CC
:1003A000A350283A0023FF3A32E7C046F864012000
:1003B000F0B5C64600B50C0015001E0084B000283C
:1003C00046D0002901D0002A42D000236A462B499A
:1003D0000093019302930393FFF722FB00283ED082
:1003E000039B009F002B1DD001239846002F40D077
:1003F000002C2AD0380002F0D3FE2B6898421ED27F
:100400003900421C2000F5F7F3F93800F5F7D2F96E
:100410002700002E01D000233360380004B080BCD8
:10042000B846F0BD029B9846002FE1D1002E04D0C3
:10043000012B19D101235B4233600027EDE7200037
:10044000F5F7B8F943462B60E3E7002DFAD1E0E772
:10045000002EF2D003235B4200273360DDE70098D3
:10046000F5F7A8F9002EE8D002235B42002733609D
:10047000D3E7002EDED10027CFE7C046ED9A00205B
:100480001EB400F091F81EBC01F0BCFAF0B5C646EF
:1004900000B51E0003780C0082B0472B1FD000204F
:1004A000274D2B6801909B682800984701239846A8
:1004B000002804D0019B1B680193022398462368FF
:1004C00029001F692000012301AAB847002824D170
:1004D00000239846404602B080BCB846F0BD437841
:1004E0004E2BDCD18378552BD9D1C378432BD6D171
:1004F0000379462B19D0432BD1D143792B2BCED165
:1005000083792B2BCBD1C279012AC8D80300203B99
:100510001D68012A04D05830C3E7019B3360D9E736
:100520002B00783B28001D68BBE743794F2BB6D1E1
:100530008379522BB3D1C079024D0028B1D0AEE7F8
:1005400010590120E458012010B5040000F0ECF827
:1005500022002378203A472B05D08368002B20D136
:100560008260012010BD63784E2BF6D1A378552B05
:10057000F3D1E378432BF0D12379432BEDD1637989
:100580002B2BEAD1A3792B2BE7D1E379012BE4D8EC
:10059000D3690133D361012BE3D183689361826016
:1005A000DFE7F9F763FAC04610B500F0BDF80300C5
:1005B000806800282DD02022825C472A03D00022A8
:1005C0009A60203010BD263A825C4E2AF7D12C3A30
:1005D000825C552AF3D1323A825C432AEFD11F3A2A
:1005E000825C432AEBD11E3A825C2B2AE7D1053A82
:1005F000825C2B2AE3D1043A825C012ADFD8C269EB
:10060000013AC261002ADCD182699A6000238361C9
:10061000D7E7F9F72BFAC04670B5040000F084F86C
:10062000220023780568203A472B04D0002D2BD1D7
:100630000260280070BD63784E2BF7D1A378552B4C
:10064000F4D1E378432BF1D12379432BEED16379B5
:100650002B2BEBD1A3792B2BE8D1E379012BE5D818
:100660005369002B0DDB013353614368013B436049
:10067000954201D0156102602000656A00F00AFE13
:10068000D7E70121CB1AEFE7F9F7F0F910B500F041
:1006900047F80368002B09D020229A5C472A06D02D
:1006A000002220330260180000F0F6FD10BD263A4B
:1006B0009A5C4E2AF4D12C3A9A5C552AF0D1323AFF
:1006C0009A5C432AECD11F3A9A5C432AE8D11E3A3D
:1006D0009A5C2B2AE4D1053A9A5C2B2AE0D1043AA1
:1006E0009A5C012ADCD85A69002A08DB511E012ACB
:1006F0000CD04A1C01D05961D8E7F9F7B7F9511C61
:100700000132F8D11A6902605961CFE71A692033C2
:100710000260180000F0C0FDC8E7C0467047C04640
:10072000004870474CA40120004870474CA40120A9
:1007300010B5034A0349044800F04AFB10BDC04607
:1007400088720120910201204CA40120F0B5D64608
:1007500046464F468A46C0B50600502824D00F248E
:1007600004400C2C00D96FE03848A400005987469B
:100770005478107824020443907800042043D478FD
:1007800024060443101D002C08D070253540102D80
:1007900000D1924676B25444002E0ADB1C60E0BCC5
:1007A000BA46B146A846F0BDD01C0322904310C8FB
:1007B000F4E72468F2E75478107824020443907830
:1007C00000042043D4782406044310000830DAE7FC
:1007D0005478107824020443901CD4E7547810789D
:1007E0002402044324042414901CCCE77F21150028
:1007F0000024002788464046297801350840B84043
:10080000044348B207370028F5DB28001F2FBAD869
:100810004D06B8D50125BD406D422C43B5E70021FA
:100820008C467F311500002488464746614628786B
:10083000013507408F400721894640B23C43CC44F4
:100840000028F2DB28009EE702F0A6F828720120BB
:10085000020010B50800FF2A10D070231340302B7F
:1008600013D004D8202B07D101F0FDFA03E0402B70
:1008700006D101F0E5FA10BD202B04D80020FAE7DC
:100880000020502BF7D002F087F801F0E9FAF2E7E8
:10089000F8B505000E0014000020002D02D028003D
:1008A00001F0CEFA2060771C3678FF2E28D16060E8
:1008B0003B78781CFF2B32D01023002500217F26A7
:1008C00023753200037801301A408A405BB2154329
:1008D0000731002BF5DB4519E560002200257F2656
:1008E000037801306375310003780130194091407D
:1008F0005BB20D430732002BF5DB45192561F8BDCE
:1009000029003000FFF7A4FF3A000100231D30004A
:10091000FFF71CFF07003B78781CFF2BCCD100258C
:100920002375D9E7F0B557464546DE464E460023C7
:10093000E0B595B00A9303330F0090460340012BB6
:1009400016D0022B0DD14146380001F065FA00287F
:100950000CD1082015B0F0BCBB46B246A946A04653
:10096000F0BD002B00D19DE002F016F80920F1E760
:1009700008231A000240034200D19DE002231A43DB
:100980000EAB9A4604920E910C2200210093404631
:10099000002300F0B7FC404601F058FA059000280B
:1009A000D1D0524605994046FFF772FF53461B7D52
:1009B0004146040018000693FFF74AFF534698602B
:1009C0000DAB0F22079000939B4600210023404669
:1009D00000F06AFC01220D9B9343013B994653466C
:1009E0001B6903939C423BD253465E7D0E9B7F2541
:1009F00002934B46A1461C0000213000FFF728FF60
:100A00004A4601000BAB3000FFF7A0FE00218146F3
:100A10003000FFF71DFF4A4601000CAB3000FFF726
:100A200095FE002181463000FFF712FF4A46010083
:100A30005B463000FFF78AFEA146002100222C0011
:100A4000037801301C4094405BB221430732002BF5
:100A5000F5DB029A0B9B944663444C464B4518D9F0
:100A6000002300251E000133049AD2077AD55B4685
:100A70000D2200930021002340460A9C00F014FC44
:100A80000D9B06203B62059B7C62BE62FB623D6360
:100A900060E70C9A9B184B456ED8039B81468342B6
:100AA000AAD8DDE7000700D54DE7012304930EAB7C
:100AB0009A4653460E9767E70EAB0C6A9A46009328
:100AC0000D2200230021404600F0EEFB0E9B9C42CD
:100AD00002D002230493ECE753460C22009300213A
:100AE000002340460E9700F00DFC3D6BBC6AFB6A8C
:100AF000002D3ED005930DAB26009B46002E00DA5C
:100B0000ABE003265B460022002100934046002311
:100B10000D9700F0F7FB5B46012200210093404651
:100B200000230D9400F0EEFB5B460F2200210093A2
:100B30004046002300F0B8FB01230D9A002113402A
:100B40002B430D935B460F2200934046002300F099
:100B5000D9FB022E01D00720FCE63800FFF7F4FC99
:100B60000720F7E6082204990A426DD13400012BD0
:100B7000C4D1380000F052F90D9B002B00D1E2E601
:100B8000524655685D19002900D1FCE0039B4C1EBC
:100B90009C466444002D00D1D5E6049A0823110038
:100BA00019400991134200D1F0E03F333B70073305
:100BB0007B700733BB70123BFB7003333B7109330F
:100BC0007B710333BB710023FB710023069A0293F0
:100BD00007331A40130042469846039508920023B3
:100BE00000217F252A002078013402408A401343E7
:100BF00042B20731002AF5DB1F2905D8400603D58C
:100C000001228A40524213439946200000250022C7
:100C10007F269C46310003780130194091400D43F6
:100C200059B207320029F5DB190063461F2A32D872
:100C3000490630D5012191404A421543002B3ED14F
:100C4000012302936419CAE7012B00D1ADE0002E05
:100C500000DAA6E03400032654E7524605994046E0
:100C6000FFF716FE53464146187DFFF7F1FD524649
:100C7000E343D1689B00C9180B68002B05D0002303
:100C800001339A008A58002AFAD1BB620423F86221
:100C90003B63796335E7002B11D101230293002DCB
:100CA000D0D1089B039D9846029B002B00D14AE6B9
:100CB000049BDB0700D546E60024022622E7002B32
:100CC00013DC5246DB43D6689B00F6183168002FD0
:100CD00002D0099B002B31D00029E0D14B461E00E9
:100CE000089B039D98460323BEE6069AFF2A40D040
:100CF0004246022A3AD01BD9032A1CD0042A00D02B
:100D000032E6DB005B425246D2680799D218069859
:100D10005B46FFF71BFD0D990029DFD0002FBED0E9
:100D2000002238000AABFFF7B1FB0028B7D0D5E7A7
:100D3000002A00D018E69B005B42E4E70A9B0D9373
:100D40000029CBD05B46A3461C0003E07168043643
:100D5000002910D02300002238007118FFF796FBFD
:100D60000028F3D023005C469B4698E75B005B427B
:100D7000C9E70023C7E74B461E00089BA3469846D9
:100D8000039D032370E6002D92D1DCE53B00FA7948
:100D90005833012A01D00A9317E7783B1B680A935E
:100DA00013E7F8F76FFEFFF737FCF8F75FFEC04672
:100DB00010B5FFF7B9FC0068002804D02723C35CF6
:100DC000012B01D0006810BD00687838FAE7C046F2
:100DD000030010B50800190001F060FE10BDC04608
:100DE000027803000020472A00D070475A784E2A24
:100DF000FBD19A78552AF8D1DA78432AF5D11A79B5
:100E0000432AF2D15A792B2AEFD19A792B2AECD1A5
:100E1000DB792A3A9A424041C0B2E6E710B5041E97
:100E200006D0FFF7F9FB2000FFF7DAFF002801D119
:100E3000F8F71CFE203CE068F8F710FEF0B5DE463F
:100E400057464E464546E0B585B00400FFF7C8FF5B
:100E500000280ED02300203B9E68DB6820009946C6
:100E6000A36A256B9A46676BFFF7D6FB3000F8F74D
:100E700005FE2000FFF7D0FBF8F704FEFFF7CCFBE0
:100E8000FFF74EFC272203689A5C012A05D11A68F5
:100E900005E0FFF7C1FBF8F7E9FD1A0078320026FC
:100EA000B046AD0820330292AD000193D0451FDA61
:100EB0003C68002C00D0E41900222100019802AB0C
:100EC000FFF7E4FA002801D0F8F74AFE2368039000
:100ED0001B6920009B461049012303AAD84700281C
:100EE00000D1300001239C460600E0447F19DDE775
:100EF000002E08D00420F8F761FD084B084A064987
:100F00000360F8F713FE4846F8F7A8FDFFF7BEFBAD
:100F1000FFF7BCFBFFF7B4FAB858012020590120B5
:100F2000AD9500207047C04603685A0004D5802262
:100F300012061343C01870475B005B08FAE7C0460F
:100F4000F8B54E464546DE46574680469146E0B5E2
:100F500000292AD04B1E9B469A4600275346FB1871
:100F6000DC0FE41843466410E5005E193000FFF71B
:100F7000DBFFA34510D0484509D808352800404478
:100F8000FFF7D2FF0138484508D2671CE6E7A742C1
:100F90000BD0631E9A46E1E74845F8D83000F0BC14
:100FA000BB46B246A946A046F8BD0026F6E7C046B5
:100FB0000300012805D0022807D00020002B02D012
:100FC00070470348FCE70348FAE70348F8E7C046E0
:100FD000291201201D1201203512012030B51F4BAE
:100FE000050083B08C1E002B24D0200001A900E056
:100FF00000BF00282CD001992200FFF7A1FF041E9A
:1010000026D0FFF791FF6368A864012B23D001224B
:10101000201D002B02DBFFF787FF00222A650368F3
:10102000E864002B0CDBFFF77FFF030000202B613F
:1010300003B030BD0A4B0B481B1AD9100191DBE7F6
:101040001801000FFFF7B4FF03000020002BEED1C2
:1010500000230920EBE700230520E8E7000000005B
:101060002C05001074030010036810B50400DA07A3
:1010700005D450309B0709D500F09CFC23685A0723
:1010800009D51A070ED5DB0614D510BD00F08EFC6D
:1010900023685A07F5D42000D83000F08FFC23686D
:1010A0001A07F0D420005930FF3000F08BFC236881
:1010B000DB06EAD42000D930FF3000F087FCE4E7FB
:1010C00003000068002800D0C01870477047C04671
:1010D00070B504000D002000296CFFF77FFF002889
:1010E00011D12B6C2A0063612100012023699847EC
:1010F0000828F0D0072806D10020296CFFF7E6FF6A
:10110000281D00F03DFCFFDEF0B54746CE4680B519
:101110002E4C8369A544C7680400150004314022A1
:1011200003A89846F4F764FB0023029323E0F4221B
:10113000129B5200636102A97CA8F4F759FB2100BD
:10114000300023697CAA98478A9B06001493434683
:10115000019302AB00932200230029000120B8472D
:10116000002829D1F4227CA9520002A8F4F740FB00
:101170000025082E1ED120001299FFF72FFF0935F8
:101180008146EEB20028D2D0109B10211493434622
:10119000019302AB00932200230001203143B847A2
:1011A000002809D14846F7239B009D44C0BCB9469E
:1011B000B046F0BD072E02D009239946F2E7280079
:1011C0001299FFF783FF03A800F0DAFB24FCFFFF6E
:1011D00070B5CB6BFAB00B6405000E0040220431F1
:1011E00001A8F4F705FB01235B42009306E06A4681
:1011F00029002B6998470400082808D12800109975
:10120000FFF7ECFE0028F2D009207AB070BD6846E6
:10121000FFF72AFF062CF7D131002800FFF758FF0F
:1012200010B58261DA6BC1601A6419000022FFF701
:101230006BFF10BD436970B50B64C36804000D00FB
:10124000002B13D10A0003690100022098470728E8
:1012500005D008280ED129002000FFF739FF002013
:10126000296CFFF733FF281D00F08AFB0122FFF7EE
:101270004BFFFFDEFFDEC046C36810B5002B05D074
:10128000CB6B00220B64FFF73FFF10BDFFF7A0FF01
:10129000FBE7C0467047C0468368010010B5002BCD
:1012A00001D00120984710BD10B5040008000429A2
:1012B0000ED8022918D8002911D1002B12D10F2ADB
:1012C00010D89200A2185368029A0020136008E018
:1012D000052907D1636C029A0020136001E00129FF
:1012E00000D110BD0220FCE70120FAE700B585B06F
:1012F00003AB0A00009300210023FFF7D5FF0398FA
:1013000005B000BD10B50400080004290ED802295C
:1013100018D8002911D1002B12D10F2A10D8029B06
:1013200092001B68A2180020536008E0052907D12D
:10133000029B00201B68636401E0012900D110BDFD
:101340000220FCE70120FAE700B585B003AB039269
:1013500000930A0000230021FFF7D4FF05B000BD71
:1013600070B5194CD36BA544136405000C0017A885
:10137000111D4022F4F73CFA01235B42169313E05F
:101380000C2116A86A46FFF7DFFF210016A8A84720
:1013900000280FD16946049B16AA0830984706001A
:1013A000052808D0092805D068462699FFF716FEBB
:1013B0000028E5D0092616A8FFF756FE3000902336
:1013C0009B009D4470BDC046C0FDFFFFF0B54E467A
:1013D0004546DE465746E0B50D000321EC6C16008D
:1013E00004CC8BB0944601400894002B00D17FE0E0
:1013F000170C06AA5773624612040792FF223A405E
:101400009200A418022206AF3A73022900D1AC6BF5
:101410002A6DD2070FD5300007A900F07DFB002808
:1014200001D1082000E009200BB0F0BCBB46B24659
:10143000A946A046F0BD22689346002AEBD00822B8
:101440000240039200220492023201279046AA46EB
:10145000B14602910193019B022B46D023886588F7
:101460009B46043453462E009B6C0F214846BE43D6
:10147000F618FFF73BFF0023864205D85B46BB43C7
:101480009B1998429B415B4242466D0015405A466B
:101490003A401543012D31D0022D4ED0002DC2D13E
:1014A000029A002A02D0002B00D0BDE00434236849
:1014B0009B46002BCFD14E4607A9300000F02CFBF5
:1014C0000028B0D1049B002BABD00F213000FFF7D8
:1014D0000DFF0E2102003000FFF736FF30000F2114
:1014E000704AFFF731FF07209EE765680834B9E7C7
:1014F0001202079206AA5373032284E7029A002A73
:101500004ED1002B17D025686368ED0F9A1C00D1CF
:1015100089E7524658320692013300D1B1E0201DCE
:10152000FFF7CEFD2A00010006AB5046FEF7AEFFE6
:10153000002800D08DE00834B9E725686A00520819
:101540009346029A002A0FD1002B05D0039B002B53
:1015500043D05B46002B40D0002D00DA04345B46BC
:1015600001339B00E418A2E753460D2148461E6A4A
:10157000FFF7BCFE8642EFD153469B6A9C42EBD1FB
:1015800053465A469A6252460023D3620433136389
:10159000231D53632368002B7DDB01230493DEE7C7
:1015A00053460D2148461D6AFFF7A0FE8542C2D171
:1015B00053469B6A9C42BED155464E462000FFF7DB
:1015C000B3FC0F2102003000FFF7BEFE30002A00FE
:1015D0000021FFF7B9FE072026E75823534405935F
:1015E0005B46251DA34600261C000EE0059B280037
:1015F0000693FFF765FD0022010006AB5046FEF79B
:1016000045FF01360435002836D1A642EED14E46BC
:101610000D213000FFF76AFE55465C46069B2862A6
:101620006B620620AC62FFE62000FFF77DFC5546AA
:1016300004340700AC6328004E46FEF785FF0028FF
:1016400000D1F0E630003A000F21FFF77DFE0720C1
:10165000EAE64E4681460D213000FFF747FE55462B
:101660004B46069F2862022B02D1EF622F002C37D7
:1016700006206F62AC62D7E623005C469B46256875
:101680006AE74E460D21300055469246FFF72EFE82
:1016900057462862ECE758460130800055464E46D2
:1016A00020188CE7B109012010B50023FFF78EFE4A
:1016B00010BDC04610B50123FFF788FE10BDC0461F
:1016C00010B50223FFF782FE10BDC046F0B5CE462E
:1016D000474680B5050014001E00C3B0052900D997
:1016E000F8E0A64B89005B589F46836B002A00D028
:1016F000F0E004CB42648363002043B0C0BCB94631
:10170000B046F0BD002E00D0E4E00023012716040F
:10171000826B360C011D38009840064201D001CA88
:10172000086001330431102BF5D1A404E4D4AA637A
:10173000E2E7032E00D0CDE01404160C240C33197C
:10174000102B00D9C6E0082203681A4200D0DDE061
:1017500020AF380000F038F9F600AB6B002C0AD04F
:10176000F61AE400043E1C19BE1919000968043376
:101770009951A342F9D13800AB6300F023F9BBE7DC
:10178000130C14049846240C012E59D0052E00D0B9
:10179000A0E0A146C1444B46202B00D99AE0434625
:1017A0000F2B00D998E04B46102B00D8BCE001224B
:1017B00003681A4207D09343022213430360503058
:1017C00000F0FAF82B6804221A4205D0280093434F
:1017D0002B60D83000F0F4F820AF380000F0ECF8BF
:1017E000684600F0EDF843461021C91A10235B4209
:1017F0004B449C4643464900DC00A86B3C19013928
:101800003CE0002E66D1102A64D8102203681A42E8
:1018100075D120AF380000F0DBF801263900002335
:10182000AA6B30009840044201D001CA086001331D
:101830000431042BF5D13800AA6300F0C7F85BE748
:101840001B19102B46D84346102B43D00368334254
:1018500006D00322280093432B60503000F0A8F8F4
:1018600020AF380000F0A4F8A86B002C56D04346F7
:101870006100DC0000239C463C1901390022013143
:1018800089008358A35004328A42FAD163468018F3
:10189000002B60D044466F465A00102C00D2102412
:1018A000103CE4003C19013A002301329200C15877
:1018B000E15004339342FAD1C018012E2DD0434693
:1018C000A8630F2B02D820A800F074F8380000F0AD
:1018D00075F811E7022010E7002C00D10CE7042274
:1018E00003681A423FD16F46380000F069F8A86BD0
:1018F00062004446103CE4003C19013AD4E79343AB
:101900000360D930FF3000F063F882E7934303604F
:101910005930FF3000F058F81AE720AF0430A863C0
:10192000380000F043F8E7E6012203681A4207D0C6
:1019300093430222280013432B60503000F03CF800
:1019400020AF380000F038F8A86B002C8FD1380099
:1019500000F030F8D0E6012EE0D04346A8630F2B0C
:1019600000D9C9E6F3E76F4693430360D83000F02F
:1019700027F8380000F024F8A86BB9E75C72012062
:101980000100343138C9043B9C461D60A646010065
:1019900020313CC990469946A246AB460100083129
:1019A000FCC941680068E54600BDC0467047C046B6
:1019B0007047C0467047C0467047C0467047C04633
:1019C0007047C0467047C0467047C0467047C04623
:1019D0007047C04601B401A801B585B0FFB408A89E
:1019E00041464A4653465C4665463EC001A83EC84D
:1019F0000F98009000230CB401A9FFF7E9FB109B9E
:101A000012B0184701B401A801B585B0FFB408A809
:101A100041464A4653465C4665463EC001A83EC81C
:101A20000F98009000230CB401A9FFF703FC109B52
:101A300012B0184701B401A801B585B0FFB408A8D9
:101A400041464A4653465C4665463EC001A83EC8EC
:101A50000F98009000230CB401A9FFF70DFC109B18
:101A600012B0184701B401A801B585B0FFB408A8A9
:101A700041464A4653465C4665463EC001A83EC8BC
:101A80000F98009000230CB401ABFFF7C9FB109B2B
:101A900012B0184701B401A801B585B0FFB408A879
:101AA00041464A4653465C4665463EC001A83EC88C
:101AB0000F98009000230CB401AAFFF751FC109B73
:101AC00012B01847027A0300002A0BD1427A002A8A
:101AD0000FD0013A42724268111D41600321126821
:101AE000017202E0013A02720268100E12021A60DC
:101AF0007047B020FCE7C04600B585B003AB00934B
:101B00000C2200230021FFF7CFFB039805B000BD96
:101B100010B5FFF7F1FF10BDF0B50023454657465D
:101B20004E46DE469846E0B506000D000F2785B00C
:101B30002800FFF7C7FF0400B02800D10EE103061C
:101B400028D50300BB43DBB2802B54D0902B3DD073
:101B5000A02B00D188E0B02B00D19AE0C02B68D038
:101B6000072203009343DBB2D02B0BD1802302402A
:101B700001321B031A43012105233000FFF7A6FDA4
:101B80000028D5D0092005B0F0BCBB46B246A94616
:101B9000A046F0BDFF238200134004339A4602ABF7
:101BA000009399460D22002300213000FFF77CFBB3
:101BB000029B64063AD4534402934B46009300239D
:101BC0000D2200213000FFF79DFBB1E7833B03406E
:101BD0000D2BD7D00F2202AC024000230021300091
:101BE0000094FFF761FB00230D22002130000094D8
:101BF000FFF788FB9CE704022800FFF763FF204300
:101C000080242402A042BDD0030100059946020CA5
:101C1000002300213000FFF759FD0028B2D14B46C8
:101C2000234200D184E70123984681E752469B1A5C
:101C3000C2E7C62800D1A1E0C72800D1C5E0F8233B
:101C40000340C02B00D1D2E0C82800D1D5E0C9287C
:101C500098D12800FFF736FFF02203031203134048
:101C60000F220240013285E7FF2109010A00993B5A
:101C700083431A410A40240702D58023DB011A431B
:101C8000002300213000FFF721FD002800D14FE79D
:101C900078E703004F33DBB2042B64D85D4A9B0026
:101CA000D3589F4603AB00930D2200230021300040
:101CB000FFF7FAFA3CE70023002205213000FFF786
:101CC00005FD002800D133E75CE72800FFF7FAFEA6
:101CD000F0220303120313400F22024001321A4381
:101CE000012101233000FFF7F1FC002800D11FE79C
:101CF00048E702AB0D2200210093994630000023F3
:101D0000FFF7D2FA2800FFF7DDFE029C030659D543
:101D100002239A467D339B465B46184053469840C3
:101D200007239C46241828000294E244FFF7CAFEC9
:101D30000306F1D45346984081239B009C464B46B2
:101D4000644400190290009339E72800FFF7BAFEB7
:101D5000431EDBB202000E2B92D913E74346002B41
:101D600020D000200FE7FC230340B42B00D109E76B
:101D700007238022034001331203B0E72800FFF756
:101D8000A1FEF0220303120313400F22024001328E
:101D90001A43032103233000FFF798FC002800D1E9
:101DA000C6E6EFE602AC0E22002130000094FFF7F9
:101DB0007BFA00230F22002130000094FFF7A2FAE3
:101DC0000020E0E602239A46B4E72800FFF77AFEF7
:101DD000431EDBB202000E2B00D9D3E60023042100
:101DE0003000FFF773FC002800D1A1E6CAE6A0226C
:101DF000B13B034001331203CAE72800FFF762FE3C
:101E00000F2302009A43D2B210320340120301336F
:101E1000B0E6C04674720120030000B5DA6C85B0EC
:101E200053680800083219020191029269460322A0
:101E30001B0E0A734B7301A9FFF76EFE05B000BDC0
:101E400010B5FFF765FE806C10BDC04610B5FFF7FA
:101E50005FFEC06CC37902339B00C01810BDC04642
:101E600010B500F099FD10B5FFF7FAFF30B5002A64
:101E700028D003000B439B0713D1032A11D9134D1C
:101E80000BE0043A002A1DD0114C1C199C432C4233
:101E900018D104300431032A03D903680C68A34223
:101EA000EFD004780D78A5420ED1012A0AD0012383
:101EB00006E0C45CCD5CAC4206D101339A4201D04D
:101EC000002CF6D1002030BD601BFCE780808080B4
:101ED000FFFEFEFE144B70B51E6805000C00002EC0
:101EE00002D0736B002B1BD0636EDB0702D4A38977
:101EF0009B0511D529002200300000F005FF636E1C
:101F00000500DB0702D4A3899B0501D5280070BD1D
:101F1000A06D00F0D1FDF9E7A06D00F0CBFDE9E781
:101F2000300001F0D7F8DFE78077012070B50500B9
:101F300086B008001400019101F032F9012301AECE
:101F40000590029003960493002D02D06B6B002B3A
:101F500029D00C23E25E636EDB0701D493051CD508
:101F600080239B011A4205D11343A381104A636E5B
:101F7000134063662800210003AA00F027F8636E6F
:101F80000500DB0702D4A3899B0502D5280006B013
:101F900070BDA06D00F090FDF8E7A06D00F08AFD27
:101FA0000C23E25EDCE7280001F094F8D1E7C0469C
:101FB000FFDFFFFF030010B50A000349086819009E
:101FC000FFF7B4FF10BDC04680770120F0B54E4644
:101FD000DE4657464546E0B5936883B00C0091460F
:101FE0000090002B5FD00C23CA5E130763D50B69EA
:101FF000002B60D04B461F68930723D5636A0026E9
:102000009A46B34B00259846E169002D16D02B0067
:10201000454500D9AE4B32000098D047002859DD25
:102020004B464A469B6836181B1A2D1A9360002BA4
:1020300039D0636AE1699A46002DE8D13E687D682F
:102040000837E2E7D30762D50023B84600209A4656
:1020500000261F00002E45D000284CD03B00B34680
:102060009E4200D99B4620682269A5686369904218
:1020700003D9ED18AB4500DDFEE05B4500DDEEE089
:10208000656A5246E1690098A847051E22DD0120D5
:102090007F1B19D04B464A469B68AA445B1B761BA4
:1020A0009360002BD6D1002003B0F0BCBB46B246F3
:1020B000A946A046F0BD2100009800F00DFD0028C3
:1020C0000DD10C23E25E95E72100009800F016FF89
:1020D0000028DFD00C22A35E40221343A3810120FD
:1020E0004042E1E70822434694465E68E044002E01
:1020F000F8D01B689A4632000A21504601F016F8C3
:10210000002800D1DBE053460130C71AA6E70023C0
:1021100080219A4689008B46564655462068A3681A
:1021200084469846002D5CD059460A425DD09A46B6
:10213000AB4200D990E09023DB001A4232D02169F3
:10214000431A6069019343001B18D80FC318581035
:10215000019B824601335B19834201D99A461800DC
:10216000520500D497E00100009800F033F9804652
:10217000031E00D1A6E0019A2169F3F739FBA38978
:10218000544A134080221343A38143462361019B99
:102190001A004244944622605246A846AA46D31AE0
:1021A0006261A36052463100604600F01FFC424667
:1021B000A8460025A36820689B1A5044A3602060AD
:1021C0004B4642469B6846449B1A4A46936000D160
:1021D00069E70C23E25E2068A36884469846002DD8
:1021E000A2D13E687D6808379AE7226982421BD3F4
:1021F00062699046AA4217D8802328001B069D4298
:1022000000D335484146F2F737FB4346626A434301
:102210009046E16932000098C047002800DC59E789
:1022200080464346ED1ACBE79846AB4200D9A84614
:102230004246310000F0DAFB4246A36820689B1A50
:102240004044A3602060002BEBD12100009800F0F7
:1022500055FE0028E5D03DE7A846AA46A2E75A4623
:10226000514600F0C3FB5A46A3685D469B1AA36023
:1022700023685B4423600AE751462A0000F0B6FB5E
:10228000236821005B190098236000F037FE0028C6
:1022900000D1FCE61EE70200009800F0AFFF804688
:1022A000002800D071E7009D2169280001F0A8F9FD
:1022B0008022A3899343743A1BB22A600CE7731CF3
:1022C0001F00CCE6009A0C3313600C22A35E03E7D8
:1022D00000FCFF7F7FFBFFFFFFFFFF7FF0B5C646DF
:1022E00000B51D00170086B001AB039301236F43B7
:1022F000061E90460C9C019102970597049302D00C
:10230000436B002B3CD00C23E25E636EDB0701D4F1
:1023100093052AD580239B011A4205D11343A3813B
:10232000194A636E134063662100300003AAFFF769
:102330004DFE636E002811D0DB0708D50598414695
:10234000381AF2F7C1FA06B080BCB846F0BDA389CE
:102350009B05F3D4A06D00F0AFFBEFE7DB0702D4E1
:10236000A3899B0507D52800EDE7A06D00F0A2FB2F
:102370000C23E25ECEE7A06D00F09EFB2800E2E7B2
:1023800000F0A8FEBFE7C046FFDFFFFF10B5040066
:10239000054882B00068009313000A002100FFF78F
:1023A0009DFF02B010BDC0468077012010B5034BE1
:1023B0000100186800F00EF810BDC04680770120BB
:1023C00010B5034B0100186801F01AF910BDC046A2
:1023D00080770120F0B54E464546DE465746E0B5CB
:1023E0000D000B35060085B0162D27D8102900D911
:1023F000DAE000F0C3FC102518230221C74FFB18B8
:102400001A005C68083A944200D146E103226368EE
:10241000A1689343E268CA6091600121E3185A6899
:1024200030000A435A6000F0B1FC2000083005B0CB
:10243000F0BCBB46B246A946A046F0BD07239D436B
:1024400000D5B1E0A94200D9AEE000F097FCFC2332
:102450005B009D4200D29AE1690A00D1A8E00429FC
:1024600000D94FE138239846A90988443931CB0077
:10247000082252429446A94FFB189C446346DC68EC
:10248000A44514D0032399460B0061469C4607E0FF
:10249000E068002A00DBFAE0814200D1FBE00400A2
:1024A0004A46636893435A1B0F2AF1DD41463A00BE
:1024B0003C690832944200D1D8E00320636883432A
:1024C000581B0F2800DD66E13A617A610028A4DA22
:1024D0007A68904680229200934200D3E3E0DA08C3
:1024E000580901238340404618438046D300DB1936
:1024F0009A687860E360A2609C60D46001208B10D1
:10250000984040455CD8434603420AD1032399438F
:10251000434640000431034203D1400004310342EA
:10252000FBD00323B3469C460E00B8460190F00052
:1025300040440100B246CB680BE064465A681F0075
:10254000A243DB68541B0F2C00DDF3E0002C00DB02
:102550000DE19942F1D101239946CA44534608310D
:102560009B07E8D1032205E003680838013E834257
:1025700000D00AE23242F7D14346019A5B689343A6
:1025800042465360019A520001929A4216D8002A9C
:1025900006D113E004229146019ACA4452000192E6
:1025A0001342F7D05646C2E70C23002033603EE7C3
:1025B00080233F22402190469B0059E75E464746D4
:1025C0000322BC68636893439946AB4202D35B1B0A
:1025D0000F2B4EDC23004B440293514B08201B6809
:1025E00010335B19019300F069FA4E4903900B68B0
:1025F0008B46013306D08446019B4242013B634433
:10260000134001933000019901F0A2F903008046C4
:10261000013300D1DDE0029B834200D9D7E0019A6B
:10262000414B944619689A466144039A1960029B8B
:102630000800013A434500D0EAE04346134200D087
:10264000E6E0BB68984663464B441A0001231A43F0
:1026500043465A60354B1868884200D21960344BA3
:102660001868884200D219604446B4E07B689846F6
:1026700044E70122290013431143651961603000CA
:10268000BD606B6000F082FB20000830CFE6A268DE
:10269000D0608260C1E6614609E7DC680231A3428E
:1026A00000D104E7B2E65A0A042A00D888E0142AC6
:1026B00000D90FE110005B3082465C32D200082066
:1026C00040428446BA189444624692680B30814670
:1026D000944500D1E5E00800A2466146844602E048
:1026E0009268914204D04C465068A0439842F7D873
:1026F000D368614654469C466346A260E3609C6092
:10270000D460FBE6142973D9542900D9EBE06E2379
:102710009846290B88446F31CB00A9E678730120D5
:10272000E8A6012070730120B8A60120E0A60120D0
:10273000E4A60120BA4601205146844649190543C2
:1027400050464560856847466046EB605E469D6042
:10275000534639617961204308374860CF603000C3
:102760008F609C5000F012FB504608305FE6BA467E
:1027700001205E465244516801435160BA683000FE
:10278000D3609A6000F002FB380008304FE62B005F
:10279000E908083332E66119884601218C460D4369
:1027A0004146656039617961CA608A606246024368
:1027B0004A60E050300000F0E9FA2000083036E6C8
:1027C0009A091000393238308246D20077E7BC428D
:1027D00014D0BC68626803239A43531BAA4202D3F5
:1027E0000F2B00DD45E7300000F0D0FA00201EE698
:1027F0005B23984688445C31CB0039E6644B9A46AB
:102800001868019B9C46534660441860039B5A1EFF
:102810005B461B68013371D0434602995B1A5146EF
:102820001B180B600723414640461940029118428D
:1028300040D00398013384465B1A0199984441447F
:102840000191634411405B1A1A4011003000934615
:1028500001F07EF8431C78D04346C01A03005B4465
:102860000193534619680120594419604346019A5F
:10287000BB6002435A60BC4200D1EBE64B460F2BD3
:1028800040D907220C3B93436268024005201A435B
:102890006260E218506090600F2B4BD843465A6834
:1028A000D8E653469810012383404046184380469B
:1028B000786021E7019B039943441340CB1A1A40E7
:1028C00011003000934601F043F8431CC4D10023AB
:1028D0009B46C6E7542A18D81A0B10006F326E3088
:1028E0008246D200EBE6AA235B00994218D8DD3B72
:1028F0009846E90B88447831CB00B9E55B46414600
:1029000019608FE7434658606DE7AA204000824275
:1029100026D8DA0B1000783277308246D200CEE625
:102920001C4B994226D87C239846A90C88447D31BB
:10293000CB009DE521003000083100F061FE5346D8
:102940001968BB6898465A6884E6019A029B9446C7
:102950004246083B63449B1A019300239B4680E751
:102960000C4882420CD89A0C10007D327C30824692
:10297000D200A4E6FE237E227F2190469B0077E5CD
:10298000FE227E209200824699E643465B68F9E586
:10299000B8A6012054050000062010B500F02EFF57
:1029A0000120F4F7D7FAC04630B5032A19D903003D
:1029B0000B43551E9B0710D0002303E05A1C9D4279
:1029C00012D01300C25CCC5CA242F7D0101B0CE00A
:1029D000043A04300431032A03D904680B689C428A
:1029E000F6D0551E002AE7D1002030BDF0B5884250
:1029F0000AD98B18984207D2531E002A03D0CA5C0A
:102A0000C254013BFBD2F0BD05000F2A0AD8561E66
:102A1000002AF8D00023CC5C1A00EC540133964213
:102A2000F9D1F0E70324030026000B431E401C42AB
:102A300030D11500103D2D0903000C00AC462F01CC
:102A40003F1825681D6065685D60A5689D60E56844
:102A50001034DD601D001033BD42F2D165460F23F6
:102A60000C2401352D01491913404519144213D086
:102A70008C59AC5104369C1B032CF9D8043B9B08A1
:102A800001339B00ED18C91803231A40561E002A73
:102A9000C0D1B8E7561EBDE71A00B8E710B513005D
:102AA0000A000100022001F003F810BD7047C04683
:102AB0007047C0467047C0467047C046802310B577
:102AC0005B01082801D1180010BD00F089FF162312
:102AD0000360173BF7E7C046304B70B50500186838
:102AE0000C00002802D0426B002A4FD00C22A35EBB
:102AF0001A071DD52269002A24D0D90708D500213C
:102B0000A160616900204942A161002A08D070BD1E
:102B10000021980700D461690020A160002AF6D145
:102B20001A06F4D5402213430120A3814042EEE768
:102B3000DA062ED55A0714D4226908210B43A38143
:102B4000002ADAD1A021802089008000194081422A
:102B5000D3D02100280000F023F80C22A35E2269C4
:102B6000CBE7216B00290AD022004032914204D0E9
:102B7000280000F045FD0C22A35E002222632422DF
:102B800093430022626022692260D6E700F0A2FA35
:102B9000ACE709222A6037321343C5E7807701206A
:102BA000F0B5C64600B50C228B5E05000C0096B051
:102BB0009A0709D52300433323602361012363610E
:102BC00016B080BCB846F0BD0E22895E002928DB15
:102BD0006A4600F0FFFD002821DBF023019F1B0265
:102BE0001F40264B80269C4667447B425F418023E2
:102BF000DB009846360141462800FFF7EBFB002832
:102C00001BD08022A3892060134342461BB2A381BC
:102C100020616261002F1FD13343A381D0E70C22D2
:102C2000A35E00271B0612D5402398462800414684
:102C30000026FFF7CFFB0028E3D10C22A35E9A0504
:102C4000BED40322934302221343A381B2E780231D
:102C5000DB0098460026CEE728000E23E15E00F058
:102C6000FBFD002802D10C22A35ED5E70322A38935
:102C70009343012213431BB2CEE7C04600E0FFFF9F
:102C8000024670B50A4392072AD11E4DEE0104C8D0
:102C900008C9541B9443344017D0D0B2D9B2401A5B
:102CA0002106014310D190B299B2401A2104014388
:102CB0000AD110021902000A090A401A210201432E
:102CC00002D1100E190E401A70BD9A42DFD010BA10
:102CD00019BA884201D9012070BD0020C04370BDDF
:102CE00002780B7801300131002A09D09A4207D1CD
:102CF00002780B7801300131002A01D09A42EFD0DE
:102D0000D01A70BD0101010170B506000D0014005C
:102D1000002802D0436B002B2DD0636EDB0702D45A
:102D2000A3899B051FD5A368013BA360002B05DA8F
:102D3000A269934210DBEBB20A2B0DD0FF2023686F
:102D40005A1C22601D700540636EDB0702D4A38904
:102D50009B050CD5280070BD29002200300000F032
:102D600045FE0500F0E7A06DFFF7A4FEDBE7A06DD0
:102D7000FFF7A2FEEEE700F0ADF9CEE710B502488E
:102D8000FFF798FE10BDC046B0A6012010B502485E
:102D9000FFF792FE10BDC046B0A60120030010B59B
:102DA0000A0003490868190000F028FA10BDC0465F
:102DB00080770120F0B5C64600B50C228B5E070077
:102DC0000C001A0732D480254A682D011D438D81DD
:102DD000002A4EDDA66A002E4ED03A68E169904680
:102DE00000223A60DB044BD4002201233800B047B4
:102DF0000200431C00D172E00C23E55EA66AE16983
:102E00006D0706D56368D21A236B002B01D0E36BE4
:102E1000D21A00233800B047431C33D139680C2341
:102E2000E25E1D2949D9402313431EE00E69002E9E
:102E300022D00D680022AD1B0E609B0700D14A69AD
:102E4000A260002D04DC17E036182D1A002D13DDCA
:102E5000636A3200984638002B00E169C0470028B9
:102E6000F2DC4022A38913431BB20120A38140421C
:102E700003E0CA6B002AADDC002080BCB846F0BD80
:102E8000226DBDE70C22A35E1A4A1A40A2810022DD
:102E9000626022692260DB0400D520654346216B15
:102EA0003B600029E8D023004033994202D038002B
:102EB00000F0A6FB00232363DEE701260E4B35005E
:102EC0000B411D401E42AED10A4B65601340A381E9
:102ED00023692360D204E1D50029DFD1DDE73B6817
:102EE000002B00D188E71D2B01D0162BB9D143460A
:102EF0003B60C1E7FFF7FFFFFEFFBFDF70B50500D6
:102F00000C00002802D0436B002B27D00C22A35EBC
:102F1000002B11D0626ED20701D49B050ED528007C
:102F20002100FFF747FF636E0500DB0702D4A3898A
:102F30009B050FD5280070BD0025FBE7A06DFFF7AE
:102F4000B9FD28002100FFF735FF636E0500DB07A0
:102F5000F0D4ECE7A06DFFF7AFFDEBE700F0BAF8B7
:102F6000D4E7C04610B5034A0349044800F002FD07
:102F700010BDC046A87801200D37012088770120B8
:102F800041680B4B10B50400994201D000F004FEDB
:102F9000A168084B994202D0200000F0FDFDE168D5
:102FA000054B994202D0200000F0F6FD10BDC0464E
:102FB000ECA6012054A70120BCA70120F8B5CE46FD
:102FC00047463B4C3B4B3C4A2000002580B51A60ED
:102FD0000423082200215C3025606560A5606566D9
:102FE00025616561A561E360F2F7FCFB2000334BCE
:102FF000334F344E99462362334B58309846A7627C
:10300000E6626362E461FFF751FDCC23E5502F4B8C
:1030100020006367802300210822C430E550A566A4
:10302000E5662567A567E567F2F7DCFB22008423E8
:103030006832E2504A460433E250424620000433EC
:10304000E2500433E750C0300433E650FFF72EFD62
:10305000D0232000E5500433E5500433E5501C4AEA
:103060005C33E550583BE2500433E5502D300433D7
:10307000E550002104330822FF30E550F2F7B2FB9F
:103080002200EC23D032E2504A460433E2502000C2
:1030900042460433E25029300433E750FF30043312
:1030A000E650FFF703FDC0BCB946B046F8BDC046C8
:1030B000ECA6012024A80120D92A0120F133012007
:1030C00059340120893401201934012009000100FC
:1030D0001200020070B50400094D2800FFF7EAFC59
:1030E000636B002B05D1074B6363074B1B68002BF9
:1030F00003D02800FFF7E0FC70BDFFF75FFFF8E7A3
:10310000B4A60120F52A012024A8012010B5024808
:10311000FFF7D0FC10BDC046B4A6012010B5024890
:10312000FFF7CAFC10BDC046B4A6012070B5CCB2F2
:1031300083070FD0531E002A0AD0032504E0013074
:10314000284208D0013B03D30278A242F7D170BDD8
:103150000020FCE71300032B12D9FF220A401502BE
:10316000AD182A040C4EAD1803E0043B0430032BC9
:1031700006D9026809496A40511891433142F4D096
:10318000C218002B03D1E3E701309042E0D003786E
:10319000A342F9D1DBE7C04680808080FFFEFEFEBF
:1031A00010B583070AD00300032102E001330B426C
:1031B00005D01A78002AF9D1181A10BD0300196831
:1031C0000C4A0D4C8A188A4322420FD15968094A89
:1031D00004338A188A43224208D15968054A0433C5
:1031E0008A188A432242F1D000E001331A78002A7B
:1031F000FBD1E1E7FFFEFEFE80808080F0B5574600
:103200004E46DE464546E0B50C000600170083B08A
:10321000002900D1ACE0FFF7B1FD08235B429946DD
:10322000A1444B465B68032219003D0091430B35D6
:10323000CA468846162D67D81025AF4267D8A845DC
:103240006EDA4946C04841444A6800908068934617
:10325000884200D1A0E001208446100062469043DD
:1032600008184068104200D077E05A460320824395
:103270009346C3445D454EDD6046184212D14B462D
:1032800048461B68C31A03209B465B688343D218D9
:1032900042440092954200DCCCE0434400939D42BE
:1032A00000DCCBE039003000FFF794F8071E00D1B6
:1032B0001EE14B4601225B68934302004B44083AEF
:1032C000934200D1E3E04246043A242A00D9E3E0E5
:1032D00003002100132A09D923680360636843604F
:1032E0001B2A00D9DCE00300083108330A681A60A1
:1032F0004A685A608A689A603000210000F080F9BC
:103300003000FFF743FD20E00432954395D50C23B0
:103310000027336019E0D846CB688A68D3609A608A
:1033200043465F1B5346012250465B6840441340AE
:103330000F2F22D841460B4351464B60436813433D
:1033400043603000FFF722FD2700380003B0F0BCD7
:10335000BB46B246A946A046F0BD1A42A2D14B4692
:103360004A461B68D31A03229B465B68934394E743
:103370001100FFF72FF80700E7E751462B434919E3
:10338000554617436B604F604368083113434360F1
:10339000300000F035F9D4E703218A439446290030
:1033A000C44410318C4500DB84E0DB0700D579E7AD
:1033B0004B4648461B68C31A03209B465B68834301
:1033C000D21842440192914200DD66E75B465A46BC
:1033D000DB6892685F46D3609A604246043A0837D9
:1033E000242A00D999E03B00132A0AD959462368B8
:1033F0008B606368CB601B2A00D993E05B4608347E
:10340000103322681A6062685A60A2689A605B464C
:1034100001225919009B30009960019B5B1B1343EB
:103420004B605B465B6813405A462B435360FFF783
:10343000ADFC8AE7CB688A68D3609A605B465A46DF
:10344000DB6892685F46D3609A604246043A083768
:10345000242A17D83B00132A09D9594623688B60C0
:103460006368CB601B2A39D85B4608341033226866
:103470001A6062685A60A2689A60009B3C00984695
:10348000DA464DE721003800FFF7B0FAF5E70322EE
:103490005B689343984443E72100FFF7A7FA2BE7C3
:1034A000A3688360E368C360242A26D00300103138
:1034B00010331BE74B465919009B01229960634664
:1034C0005B1B13434B604B465B68300013404A461E
:1034D0002B435360FFF75AFC270036E7A3680B61C4
:1034E000E3684B61242A10D05B4610341833BEE7E2
:1034F0003000FFF74BFC002727E7236918310361F1
:103500000300626918334261F0E623698B615B4610
:1035100062692033CA611834A9E721003800FFF737
:1035200065FA74E7A3680B61E3684B61242A03D052
:103530005B461034183364E723698B615B4662692C
:103540002033CA6118345CE778730120F0B5C646B1
:10355000060000B508200D00FFF7B0FA04003000A7
:10356000FFF70CFC234B210098469B685F68032300
:103570009F4338001138401B0019F1F7A5F9451E8B
:103580006543AC4208DC0021300000F0E1F943461D
:103590009B68DB19984206D03000FFF7F7FB00204C
:1035A00080BCB846F0BD3000694200F0D1F901306E
:1035B0000ED0012243467F1B9B6817430E4A5F6073
:1035C000136830005B1B1360FFF7E0FB0120E7E7A7
:1035D0000021300000F0BCF943469A68831A0F2B93
:1035E000DADD064C04492468001B086001210B4306
:1035F0005360D1E778730120B8A6012070730120D1
:10360000F8B5CE46474605000C0080B5002957D0D6
:10361000FFF7B4FB012321009C4608394868624645
:10362000030003249343CF187A68654EA243B4681D
:10363000BC4200D170E0BC18A14664467A600442E6
:1036400021D10868091A1B188868804648464068D6
:103650002040340008348146A04551D04046CC6813
:10366000C460A0604846002811D19B185548BA682C
:10367000824200D17FE0F868D060826001221A4364
:103680004A60CB5007E0484640682042EDD0624691
:103690001A434A603B6080229200934214D2DA08B7
:1036A000580901238340706803437360D3009B195A
:1036B0009A68CB608A609960D1602800FFF766FB4A
:1036C000C0BCB946B046F8BD5C0A042C3DD89C0984
:1036D000200039343830E40034192268083C0327CC
:1036E000944203D140E09268944203D05068B843BA
:1036F0009842F8D8D468CC608A60A160D160DCE7D9
:10370000002858D1B868D218FB68C3609860634637
:1037100013434B608A50D0E79A186346034206D1A0
:103720000B68C91A8868D218CB68C36098600123F7
:1037300013434B60244BB1601B689342BDD8234BAD
:1037400028001968FFF702FFB7E7142C07D9542C9B
:103750001AD81C0B20006F346E30E400BCE7200048
:103760005C345B30E400B7E701238010834070686D
:1037700003437360BFE7D1609160CA608A60012231
:103780001A434A60CB5098E7AA225200944205D8C7
:10379000DC0B200078347730E4009DE70C4A94423B
:1037A00005D89C0C20007D347C30E40094E7FE2496
:1037B0007E20A40090E762461A434A603B607CE7A3
:1037C000787301208073012074730120E8A6012022
:1037D00054050000002370B5074D040008001100D7
:1037E0002B60F3F705FC431C00D070BD2B68002B49
:1037F000FBD02360F9E7C04668AC0120154B70B5DB
:1038000004001D681F281FD88C235B00EB58002B79
:103810000DD082009B181A68002A08D0012A04D013
:10382000511C0DD0002119609047002070BD280068
:1038300000F08AF822000100280000F071F8F5E796
:10384000162301202B60F1E7162301202B60404254
:10385000ECE7C04680770120002370B5064C0500D8
:1038600008002360F3F7C8FB431C00D070BD236839
:10387000002BFBD02B60F9E768AC012070B50C0081
:103880000E25495F00F01EFA002803DB236D1B188C
:10389000236570BDA389024A1340A381F9E7C0469E
:1038A000FFEFFFFFF8B50C001F000C23C95E0500F9
:1038B0001600CB050AD40A4B320019402800A1811A
:1038C0000E23E15E3B0000F077F8F8BD0E23E15EC9
:1038D0000022022300F0E2F90C23E15EEBE7C04690
:1038E000FFEFFFFF70B50C000E25495F00F0D6F921
:1038F000431C07D08023A2895B0113431BB22065C0
:10390000A38170BDA389024A13401BB2F8E7C046E9
:10391000FFEFFFFF10B50E23C95E00F0ADF910BD3B
:10392000002370B5074D0400080011002B60F3F769
:103930002FFB431C00D070BD2B68002BFBD02360F5
:10394000F9E7C04668AC012010B5F3F71FFB10BDC6
:10395000002370B5064C050008002360F3F7FCFA5D
:10396000431C00D070BD2368002BFBD02B60F9E70F
:1039700068AC0120F8B54746CE46884680B58146FA
:10398000170000267D68BC68013D0DD4A389012B7A
:1039900007D90E22A35E013303D021004846C04759
:1039A00006436834013DF1D23F68002FEAD1300070
:1039B000C0BCB946B046F8BD70B50400080011009F
:1039C0001A000023054D2B60F3F7F8FA431C00D0D2
:1039D00070BD2B68002BFBD02360F9E768AC012099
:1039E000014B18687047C04680770120F8B5050084
:1039F0000E001400002802D0436B002B52D0A369A4
:103A0000A3600C23E25E13071FD52369002B1CD093
:103A1000FF21F7B20E40802189010A4225D0226899
:103A20006169D31A99422BDD0133A1680139A16084
:103A3000511C2160177062699A422AD0A389DB0762
:103A400001D50A2E25D03000F8BD21002800FFF74F
:103A500043F8002823D1FF21F7B20E4080210C2328
:103A6000E25E890123690A42D9D11143A181626EC4
:103A70000E490A40626661692268D31A9942D3DC12
:103A800021002800FFF73AFA002808D10123226814
:103A9000CBE721002800FFF731FA0028D3D0012618
:103AA0007642D0E7FFF716FBA9E7C046FFDFFFFF2E
:103AB000F0B5D6464F4646469846244BC0B506005C
:103AC00018689A460F009146FEF7F4FF204B1D68D8
:103AD000002D32D053466C6818681F2C30DC002E45
:103AE0000CD1631C0234A4006B606751FEF7E4FF45
:103AF0000020E0BCBA46B146A846F0BD494688223F
:103B0000A300EB189950C42149008C46AC4461468F
:103B1000873AA240096891461143624611608421A8
:103B2000424649005A50022EDBD129004A468D31C7
:103B3000FF310B6813430B60D3E7064D1D60C9E7E7
:103B4000FEF7BAFF01204042D3E7C046B478012017
:103B500018A501201CA50120034B10B5002B02D095
:103B6000024800F081F810BD00000000E536012099
:103B700070B5074C074D641BA41005D0013CA30091
:103B8000EB589847002CF9D100F0B0F870BDC04652
:103B9000187901201879012070B506000C1E40D05C
:103BA000002802D0436B002B47D001250C22A35ED6
:103BB000626E2A4233D19B0542D521003000FFF7C7
:103BC000F9F8E36A0500002B04D03000E16998475A
:103BD000002828DBA3891B062AD4216B002908D0E2
:103BE00023004033994202D03000FFF709FD002343
:103BF0002363616C002904D03000FFF701FD00232E
:103C00006364FFF783FA0023A381636EDB0726D585
:103C1000A06DFEF74DFFFFF781FA280070BD002B65
:103C2000CBD10025F9E70125A3896D421B06D4D528
:103C300030002169FFF7E4FCCFE7FFF74BFAB4E768
:103C4000A06DFEF737FF0C22A35E002BB5D1636E8B
:103C50002B42E6D1A06DFEF72FFF0025DDE7A06D1A
:103C6000FEF72AFFD4E7C04610B50100002300226A
:103C70000020FFF71DFF10BD002370B5064C0500A6
:103C800008002360F3F7ACF9431C00D070BD236833
:103C9000002BFBD02B60F9E768AC012070B5040065
:103CA000080011001A000023054D2B60F3F79CF962
:103CB000431C00D070BD2B68002BFBD02360F9E7BC
:103CC00068AC012070B50400080011001A00002340
:103CD000054D2B60F3F760F9431C00D070BD2B68D5
:103CE000002BFBD02360F9E768AC0120F8B5C04693
:103CF000E021F8B5DE4657464E464546654AC901BD
:103D00001368E0B50B40644904000B60F0231068B1
:103D10001B034340F820400303400B605F4B01202E
:103D200019685F4BA4254B405E496D000B405E490E
:103D30004A270B60F823DB011361F5F7A5F86055FE
:103D40000120F5F7A1F8FF37E055A020A526C00512
:103D50008446635D5549DA028A460A405449760032
:103D60001143A25D5348123212019B016344A21811
:103D700018605A6008229A60D96001239146625DFA
:103D8000012193404C4A0B201360EFF7D9FF0B2021
:103D90004A49EFF7F3FF4946A423494A0420D1508A
:103DA000484B1960484B19009846EFF7E7FFFF2191
:103DB0000420F0F7E7F901210420EFF7C1FF524694
:103DC000E35DD9021140414A9B010A43A021C90584
:103DD0008C460021634419603D4959600221996075
:103DE0001A614A463B4BE1461A6000221E23934665
:103DF00001329246FF33E25C032A14D0E25C022ACD
:103E0000F9D100210420EFF79BFFA42308212C4ABD
:103E10000420D1504146F0F7CBF8F0BCBB46B24687
:103E2000A946A046F8BD5A465146E254625D2A486A
:103E300091400A0049460A50A020C0058446A25D70
:103E4000615D1232120189016144A218CA624A21DD
:103E5000A25DFF31615C5032920089016144A21879
:103E6000CA63F822E0270B495203086894461040C1
:103E7000094AFF0110600868384010600868F021A6
:103E8000090341406046014011600821114A116058
:103E9000B1E7C04600C0044000D0044008C0044060
:103EA000090000010F00000F08D00440FF7FE0FF71
:103EB000250012000CC00440042400506D020020B4
:103EC00000000540A8200540110100201500080051
:103ED00008C0034000E004400C040000E022F0B5FC
:103EE000DE4657464E464546DF4BD2011B68E0B5DD
:103EF0001340DE4A040013600322DD4B89B01868CA
:103F00000493431C1A400092DA0700D41CE2D0222A
:103F100080211206490451619B0700D40EE2D02390
:103F200080221B0692045A6101239846A521A422EF
:103F300046464900655C52005B1B6354A35C9E408F
:103F4000B446A0266746F605B446CA4BF750635CF4
:103F5000A25C12331B0192016244E318D3624A222D
:103F6000635C4146FF32A25C50339B009201624485
:103F7000E318D363C20F83180B40290161189B1A01
:103F80000A009B468023BC4F2F32BC46FF32168866
:103F90009B00F3189BB29B0ADB00F318B605B60D25
:103FA000664437007E427E41B6009B19B34E9BB2F9
:103FB0007343B1469026DF0C802317800397059743
:103FC000AD4F7600BC468A5B9B00D3189BB29B0A20
:103FD000DB00D3189205920D624417007A427A41B1
:103FE00092009B184A469BB25343DA0C8A530E0048
:103FF0008023A14F2936BC46FF3602923200368814
:104000009B00F3189BB29B0ADB00F318B605B60DB4
:10401000664437007E427E41B6009B194E469BB2F5
:104020007343DE0C1680019607960E008023924F94
:104030002336BC46FF3632889B00D3189BB29B0ABE
:10404000DB00D3189205920D624417007A427A4140
:104050004F4692009B189BB27B4395277F00BC463E
:104060008C446746DB0C338080263A88824FB6004A
:10407000BA469619B6B2B60AF60096199205920D8E
:10408000524417007A427A419200B2184E4667466F
:1040900092B27243D60C3E805F46B1460696784E89
:1040A000BA00B24696594B443701BE1B039F2D31CF
:1040B0003F01BB4657465E443611D651D65980273C
:1040C00036113F01BE1BB246EC27A6185246F251EC
:1040D000029A019FFF31BC4662449446694A924667
:1040E000D44462465210524212B29446F6226746B7
:1040F000A752644A9446F42263445B105B421BB2AD
:10410000A352E8239A46E35C0A3ADBB2A354E923BC
:104110009C46E35C0132DBB2A354D02342461B062B
:1041200099465B689B089A4313005246A3544B463A
:1041300042465B68DB089A4313006246A354524B25
:1041400082009446D258098890464746D201D21B35
:104150009146624609014944C911D150D3583630BD
:104160001B1180000351E423FA21E058E358890031
:104170009C460123884200DC0023444801218445F9
:1041800000DC00215B181C21414AFF31DBB2635483
:1041900011689046002902D08E21490063548D2376
:1041A0005B00E35C002B00D07CE03A4B994623682F
:1041B00020001B689847D22329008020E35A503101
:1041C0005B421A1C1BB289000001834201DB324BA7
:1041D0001A1C324B10B2984200DA1A1C80231B01C1
:1041E0009C46C02362449B0113430B53D423E35AE0
:1041F000AD005B42651943351A1C1BB2FF356345A0
:1042000001DB254B1A1C254B11B2994200DA1A1C0E
:1042100080231B019C46224B624413432B801E25A6
:10422000009B049AFF351360635DDAB2012B00D165
:1042300005E14B461A680F23013213404A461360CA
:104240001C23FF33E25C0133E25443461B68002B1E
:1042500002D04246013B136009B0F0BCBB46B246F7
:10426000A946A046F0BDC04600C0044000D00440AE
:1042700088A401200C04000001FEFFFF9DF0070050
:1042800070A4012000F0FFFF78A40120B80B00000B
:104290008C72012068A40120FF07000000F8FFFFD6
:1042A00000B0FFFF7D4B99461B68002B52D17C4A22
:1042B0007C4B11684B437C498C4663441360D90F97
:1042C000002B00DAE5E0D02310221B069A61774A22
:1042D00013685B005B1813608A235B00E35CDAB24F
:1042E000002B01D1F433E2521623FF33E35CDAB240
:1042F000002B01D1F633E2528B235B00E35CDAB290
:10430000002B01D1EC33E2501823FF33E35CDAB227
:10431000002B01D1F033E2508C235B00E35CDAB276
:10432000002B01D1E833E2541A23FF33E35CDAB205
:10433000002B00D03BE7E933E25438E7D02380225A
:104340001B0692049A61EFE5D022802112064904EF
:104350009161E1E519000E390129BDD8E122D200B1
:104360009446059A82209246E245924152429246F4
:10437000400031584900514431500F2BACD1069ABE
:10438000FC219246E2459241635852425B009B18E1
:104390006350079B80269A46E2459B417600A259CE
:1043A0005B425200D2188623A251E8225B009A4653
:1043B000E358A25C5B009B185246A35088235B0025
:1043C0009C46233AE358A25C5B009B186246A350CC
:1043D000364B1A686358D31A591E8B418A21DBB2B7
:1043E00049006354A359D31A591E8B411621DBB2DD
:1043F000FF3163542358D31A591E8B418B21DBB2F2
:104400004900635484235B00E358D31A591E8B413F
:104410001821DBB2FF3163545346E358D31A591EB7
:104420008B418C21DBB2490063546346E3589B1AED
:104430005A1E93411A22DBB2FF32A3544CE70821E3
:104440001B4B1C481960F821036849030B401A49AB
:104450000B600368E020C00103400B60A4235B00F5
:10446000E15CA0208A401549C0054250E05CF4F7A9
:104470001DFD4A23FF33E05CF4F718FD00210B20FB
:10448000EFF75EFC0B200E49EFF792FD0223635518
:10449000CFE6D02310221B065A6118E768A401203A
:1044A000907201200D6619005FF36E3C6CA4012030
:1044B00000F0044000C0044000D004400C040000A0
:1044C0006D0200208C2370B505005B00C35C69356C
:1044D0000400FF35002B17D11C238E22FF3352001E
:1044E000C35C825C9A420FD0002B0DD12800EEF7FE
:1044F000E9FA01002800EEF7E7FA002804D0204B83
:10450000E25A002A00D1E0528C235B00E35C002BCE
:1045100003D0E823E35C002B1FD11A23FF33E35CB5
:10452000002B0ED0E923E35C002B0AD0EB23E35CE5
:10453000002B06D128000121EEF71AFB2800EEF728
:1045400027FB2800EEF78CFA2000B930FF30EEF799
:10455000CBFB2000EEF744FA70BDEA23E35C002BAE
:10456000DBD101212800EEF7FFFA2800EEF7AAFAC6
:1045700001002800EEF7A8FA2800EEF705FBCCE7CB
:104580007C05000010B5084C2378002B0AD180234D
:10459000064807495B051A68C25004338B42FAD1BA
:1045A0000123237010BDC046CBB0012030AB0110F9
:1045B0000001001010B5014B984710BD31AB012030
:1045C000034B1A68C0239B009343024A1360704751
:1045D0000C8001400C900140054B1A6880239B0021
:1045E0005340C02292001340024A13607047C046F5
:1045F0000C8001400C900140F0B58023D6464F4618
:104600004646421804000D00C0B59B039A4227D8C5
:1046100014271826388833881349984733888246E8
:104620001249388898473388814611493888984715
:10463000338810498046388898470600FFF7A2FF64
:10464000D047C84780222900D82320005202C04703
:10465000B047FFF7AFFFE0BCBA46B146A846F0BD91
:10466000F0F712F8D4E7C04649460000455800006C
:104670005245000046430000F8B54E464546DE462A
:1046800057468023E0B515008218040089469B0335
:104690009A4226D814271826388833881249984712
:1046A00033888346114938889847338882461049B1
:1046B0003888984733880F498046388898470600DD
:1046C000FFF760FFD847D0472A0049462000C0477F
:1046D000B047FFF76FFFF0BCBB46B246A946A04605
:1046E000F8BDEFF7D1FFD5E7494600004558000077
:1046F00052500000464300001423F0B5D6464F4602
:1047000046469A46814618880433C0B598460E003E
:104710001B882649140098475346070018884346CB
:1047200023491B889847534605001888434621496A
:104730001B8898478046FFF725FFB847A847FFF733
:104740004BFF221E20D0C02108270220490511E07E
:10475000002C14D0131B0D2B20D9002D0AD02300C0
:10476000002A05D00B6E013A337013000136234343
:10477000002B09D03D008B6A1D401842E8D1002D66
:10478000EDD123001343F5D1FFF71AFFC047FFF720
:1047900011FFE0BCBA46B146A846F0BD4B461B78B7
:1047A000013C0B6601239C46E144E8E749460000D2
:1047B0004558000046430000D02330B500251B06B5
:1047C00000245D5706E00368BFF35F8F1C6081F330
:1047D000108820BF0268EFF3108172B61368002BB7
:1047E000FCD0BFF35F8F03797F2BECD90571036891
:1047F000BFF35F8F00221A6081F3108830BDC0467E
:10480000F0B5C646150000B504001E000268EFF3BF
:10481000108172B61368002BFCD0BFF35F8F0423A6
:10482000E356002B2DDB2268BFF35F8F0020106062
:1048300081F31088D0221206127852B290469A4222
:1048400003D1002080BCB846F0BD00270BE02368F0
:10485000BFF35F8F1F6081F3108828003100EFF7EE
:1048600067F90028EDD12268EFF3108172B6136862
:10487000002BFCD0BFF35F8F23797F2BE7D9434612
:1048800002E0D0231B061B6823712368BFF35F8FF0
:1048900000221A6081F310880120D3E7F0B5C646E4
:1048A00000B50D000400EFF7EBF9FA2206000F0047
:1048B0000023280000219200F0F71CFE8023361808
:1048C0004F411B069F4202D30126174F7642D02349
:1048D0001B061B68002598460BE02368BFF35F8F1B
:1048E0001D6081F3108830003900EFF721F90028AE
:1048F00018D12268EFF3108172B61368002BFCD038
:10490000BFF35F8F23797F2BE7D943462371236859
:10491000BFF35F8F00221A6081F31088012080BCF2
:10492000B846F0BD0020FAE7FFFFFF7F0268EFF313
:10493000108172B61368002BFCD0BFF35F8FFF238A
:1049400003710368BFF35F8F00221A6081F3108840
:1049500040BF70470022154B10B59A60DA601A61AB
:104960005A619A61DA611A625A629A62DA621A6369
:104970005A639A63DA631A645A649A64DA641A6549
:104980005A659A65DA651A665A669A66DA661A6729
:104990005A679A67DA67F032920000210448F0F70C
:1049A0001BFF044B044A1A6010BDC04600001050A3
:1049B000B4AC012084B0012080011050F0B54F4606
:1049C000D6464646C0B5204B84B09F6D002F23D0FD
:1049D0001E4B00249A46012399461D4B01269846FA
:1049E00004E001347600E4B2202C15D03E42F8D029
:1049F00053469E654B4665086D00A343ED186D0157
:104A00004544280000F038FC00280BD10134B7439E
:104A1000E4B27600002FE7D104B0E0BCBA46B1465C
:104A2000A846F0BDEB8AE0210393002301A8AA78F1
:104A3000C900018001210271437100F03DFC280092
:104A400000F0B6FBE2E7C046000011500030115004
:104A500074AC01209823F0B5C646CA4A00B5D558B3
:104A600080232C009B02102684B01C401D4273D072
:104A7000C54BC64C9A6AC64B00261A603B23E35CC2
:104A8000022B00D1F5E07B23E35C022B00D1D7E1C0
:104A9000BB23E35C022B00D1C7E1FB23E35C022BC9
:104AA00000D1B7E13C23FF33E35C022B00D1A5E149
:104AB0007C23FF33E35C022B00D193E1BC23FF3363
:104AC000E35C022B00D150E1FC23FF33E35C022BBB
:104AD00000D13DE1AF4BE35C022B00D12CE1AE4BAA
:104AE000E35C022B00D11BE1AC4BE35C022B00D159
:104AF0000AE1AB4BE35C022B00D1F9E0A94BE35C8C
:104B0000022B00D1E8E0A84BE35C022B00D1C9E006
:104B1000A64BE35C022B00D19DE1A54BE35C022B8D
:104B200000D1B4E1002E08D1A24B1B78002B04D198
:104B30008021A14A90338902D150C022914B01A813
:104B40009B6C92005B055B0D012180240280436019
:104B500000F0B2FB994EA402EB0600D585E080235D
:104B60005B021D421DD0894F1C43BB7E002B2BD105
:104B70000133FB70203701239846BB7E0126002BB2
:104B800025D1FE70C02301A8DB008D4A038002AB53
:104B900042CA42C3012100F08FFB8022864B920261
:104BA0001A6580235B011D422CD18023DB011D424D
:104BB0003FD180231B021D424AD1AC4200D0E3E129
:104BC00004B080BCB846F0BD002302269846EEF73C
:104BD0007BFB01285ED8C02200213800920100F042
:104BE000EDFA380000F0E4FAEEF76EFB012802D986
:104BF000714B5E661E660123FB704346012BC1D0DC
:104C00002037B8E700261C435E4B1E60FFF7A2FE6C
:104C100080236A465B0093801672012101A800F090
:104C20004BFB8022644B12031A658023DB011D427B
:104C3000BFD01C43802301A8DB000380012100F0CA
:104C40003BFB10225C4B1A6580231B021D42B4D033
:104C50001C43A02301A8DB000380012100F02CFBF2
:104C60008022554B12011A65A7E7FFF7A7FE340013
:104C700075E73833E65C002E00D104E70233E25CCE
:104C8000002A00D1FFE6200000222030E25400F08C
:104C9000BDFAF8E64B4B3B4A1E66536E33409E42CC
:104CA000FBD198E7484BE75C002F00D130E7023397
:104CB000E25C002A00D060E13C4BE35C022B00D1B7
:104CC000DBE03B4BE35C022B00D036E73F4BE35C81
:104CD000002B00D0E0E030E73D4BE75C002F00D137
:104CE00011E70233E25C002A00D03EE13E000AE711
:104CF000384BE75C002F00D100E70233E25C002A6A
:104D000000D02AE13E00F9E6334BE75C002F00D1EA
:104D1000EFE60233E25C002A00D016E13E00E8E64E
:104D20002E4BE75C002F00D1DEE60233E25C002A66
:104D300000D002E13E00D7E6294BE75C002F00D10E
:104D4000CDE60233E25C002A00D0EEE03E00C6E68B
:104D5000F933FF33E75C002F00D1BBE60233E25C9E
:104D6000002A00D0D8E03E00B4E6B933FF33E75C58
:104D7000002F00D1A8E60233E25C002A00D0C2E096
:104D80003E00A1E6000011500040054074AC012037
:104D900064AC01203B0200007B020000BB0200006B
:104DA000FB0200003B0300007B030000BB0300008C
:104DB000FB030000C9B001200030115010000200B8
:104DC00000001050002011507A030000FA03000088
:104DD0003A030000FA020000BA0200007A02000062
:104DE0003A0200007933FF33E75C002F00D165E61B
:104DF0000233E25C002A7DD13E005FE63933FF33A7
:104E0000E75C002F00D153E60233E25C002A68D150
:104E10003E004DE6F833E75C002F00D142E6023356
:104E2000E25C002A55D13E003CE6B833E75C002F37
:104E300000D132E60233E25C002A42D13E002CE689
:104E40007833E75C002F00D122E60233E25C002ACF
:104E50002FD13E001CE64F4BE35C002B00D15CE6FB
:104E6000EF239B00E25C002A00D12AE70022E254F3
:104E70001C3BE01800F0CAF923E7464BE35C002B2B
:104E8000EED1454BE35C022B00D056E63E00434B8F
:104E9000E35C002B00D145E6FF239B00E25C002A87
:104EA00000D14AE60022E2541C3BE01800F0AEF9C3
:104EB00043E6200000226030E2543E0000F0A6F9F4
:104EC000E6E520000022A030E2543E0000F09EF90A
:104ED000E3E520000022E030E2543E0000F096F9C5
:104EE000E0E5200000222130FF30E2543E0000F0D7
:104EF0008DF9DDE5200000226130FF30E2543E00F4
:104F000000F084F9DAE520000022A130FF30E254FD
:104F10003E0000F07BF9D7E520000022E130FF30B1
:104F2000E2543E0000F072F9D4E50022E2541C3B4A
:104F3000E01800F06BF93E00D1E50022E2541C3B82
:104F4000E01800F063F93E00CEE50022E2541C3B7D
:104F5000E01800F05BF93E00CBE50022E2541C3B78
:104F6000E01800F053F93E00C8E50022E2541C3B73
:104F7000E01800F04BF93E00C5E50022E2541C3B6E
:104F8000E01800F043F997E6210005486940EEF784
:104F9000A1F9C046BA030000FB030000FA030000B9
:104FA000FC550120F0B5D6464F464646C0B5020036
:104FB000838A008B8A46041C984200D91C1CD57831
:104FC00080262800471EB841A4B2F60026434003BD
:104FD0003043012675401B1BD57055789BB29382D8
:104FE000002D37D15146D6688D01611E761988464D
:104FF0001569002C29D006293AD92B0033439B0789
:1050000036D16B1CF31A022B32D9231F9B080133B4
:105010009C4600270023E9580137F1500433BC4572
:10502000F9D8634641469B00ED18F618CF1A9C420A
:1050300009D02B783370002F05D06B787370012F57
:1050400001D0AB78B3701569938A2D191561802250
:1050500012021043002B02D18023DB011843534678
:10506000002B00D00004E0BCBA46B146A846F0BD13
:105070000023EF5CF75401339C42FAD11569938AFF
:10508000E3E7C0468368F0B51B680500002900D03F
:105090001B0C9B05980D6B78002B08D1EB8AC3186D
:1050A000EB822B8B834201D90023AB82F0BDEB68EE
:1050B0008901461EB4462A695C18002827D0062EAE
:1050C0002BD901315B18D31A022B26D913002343A5
:1050D0009B0722D100230021061FB6080136E7589E
:1050E0000131D75004338E42F9D86346B600A41973
:1050F00092199F1BB04209D023781370002F05D05E
:1051000063785370012F01D0A37893702A69EB8ADA
:105110001218C318EB822A61C3E70023E15CD15463
:1051200001339842FAD12A69F1E7C04610B504006C
:10513000836800211B68FFF7A5FF63681B685B009D
:1051400002D5238B834200D010BD01212000FFF740
:1051500099FFF9E7084A0300126C0020920703D474
:105160009A78D209012A00D07047D87E023843428B
:105170005841C0B2F8E7C0460000115010B5FFF723
:10518000E9FF00280CD00749074B8C46074A9B6A69
:10519000126863449B1A0020C6229A424041C0B262
:1051A00010BDC046E0FCFFFF0040054064AC01209C
:1051B00000238376436103617047C04610B583685E
:1051C000002901D01C682140002A12D08024E4006C
:1051D000114322420DD01A6822420CD1084A0A40DB
:1051E0001A60084A126C920703D40C23033BFDD2C9
:1051F0008368196010BD81780348EEF76BF8C046EC
:10520000FFFBFFFF0000115010560120436870B5EE
:10521000002180251E680400FFF7C4FE134B6D01BA
:105220001B6C05439B070FD5A3785B060FD0104B73
:105230001E4080239B0533436268002113602000D9
:105240002A00FFF7BBFF70BDA378DB09EFD0A38A6C
:10525000002BECD001212000FFF7A4FEA023054A7B
:10526000DB05324005431343E6E7C046000011501A
:10527000FFFFFFAFFFFFFFDF70B5857E0400002D4D
:1052800014D0FFF753FFA38A002B01D1280070BD73
:105290002000FFF773FF002803D0012300252377A8
:1052A000F4E72000FFF7B2FF0025EFE7817801481F
:1052B000EEF710F830560120F0B5CE46474680B5DF
:1052C000437805000E0085B0062B08D86B4A9B007A
:1052D000D3589F466A4A13780133DBB21370694B87
:1052E0001C686269EFF3108172B61368002BFCD062
:1052F000BFF35F8FA16120002900F3F7A5FC62696D
:10530000A369BFF35F8F0021116083F31088002829
:1053100004D105B0C0BCB946B046F0BD32006978D2
:105320002878F2F78BF9F4E70121574B1A788A4372
:105330001A701A7801318A431A7000225A701A784A
:1053400002318A431A70CAE7504B514F9946514B6C
:10535000002498463A7810E043461B6861015B18C8
:10536000002B06D0DB69002B03D0696828789847AA
:105370003A780134E4B2944217D8A242ECD8A31A86
:105380005B014B44EEE7404B1A78D207C1D50421AC
:105390001A780A431A70A2E73B4B1A78D207B8D59D
:1053A00004211A788A431A7099E7374F3B785B07D4
:1053B0002BD504223B78002193433B706B46063289
:1053C000981DF0F709FA2B7801AC23700523637060
:1053D0002C4B1B6898465A69EFF3108172B613681C
:1053E000002BFCD0BFF35F8F4346404699612100FC
:1053F000F3F72AFC43465A699B69BFF35F8F00218C
:10540000116083F31088002831D1FB78DB0700D4CA
:105410007FE76B460A220021981DF0F7DDF92B7813
:1054200001AC2370032363706B686360154B1D68C8
:105430006A69EFF3108172B61368002BFCD0BFF3DA
:105440005F8FA96128002100F3F7FEFB6A69AB6951
:10545000BFF35F8F0021116083F31088002800D113
:1054600057E7320061782078F2F7E8F851E7320028
:1054700061782078F2F7E2F8C7E7C046E4560120E9
:10548000CAB001206CAA012014AA012000570120F3
:10549000C8B0012028A80120D020FF23000670B545
:1054A0000124174D036502E0836DAB4203D0036D09
:1054B0001C42F9D170BDEFF3108C72B6D0220221DC
:1054C0001206136D1942FCD00D4B536540BFD0221C
:1054D00001210C4E120600E020BF136D1942FBD0D3
:1054E000936DB342F9D18CF31088D02202211206B9
:1054F000136D1942FCD0034B536540BFD7E7C0463C
:105500001E83A873E17C578C00000000000000009F
:10551000000000000A0B0C0D0E0F0000C413002049
:10552000E8130020EC130020F0130020F4130020F7
:10553000F8130020D6130020000000000000000037
:1055400045400120000200018000400020001000C2
:1055500008000400020000000203040506080C1005
:105560000302050100000003010501000103000022
:1055700002000000300000000300000038000000BE
:10558000040000003C000000050000003E00000098
:10559000060000003F000000080000000F000000AF
:1055A0000C000000030000001000000033000000A9
:1055B000464E4F43030205010000000301050100B0
:1055C000010300000C0000000700000007000000BD
:1055D00005000000070000000500000006000000B4
:1055E00010520120F4510120D8510120C451012052
:1055F000A8510120945101207C510120000000009D
:105600000200000004000000060000000800000086
:105610000A0000000000000001000000030000007C
:10562000070000000A000000000000000200000067
:105630000300000005000000070000000900000052
:105640000A00000000000000030000000500000048
:10565000070000000A000000000000000200000037
:105660000300000005000000070000000800000023
:105670000A0000000000000002000000040000001A
:105680000500000007000000090000000B000000FA
:105690000000000001000000020000000300000004
:1056A00004000000050000000600000007000000E4
:1056B00008000000090000000A0000000B000000C4
:1056C0004D75736963205468696E67004D544D438E
:1056D0006F6D707574657200313233343536000089
:1056E000090400000902650002010080320904007B
:1056F0000000010100000924010001090001010965
:10570000040100020103000007240100014100061A
:1057100024020101000624020202000924030103FD
:10572000010201000924030204010101000905012D
:105730000240000000000525010101090581024029
:105740000000000005250101030000001201000215
:10575000000000408A2EC110000101020301000078
:105760000A2A2A2A2050414E4943202A2A2A0A007E
:105770004E6F207370696E6C6F636B73206172651E
:1057800020617661696C61626C6500000000000058
:10579000FFFFFFFFFFFFFF7F486172647761726563
:1057A00020616C61726D20256420616C726561649A
:1057B0007920636C61696D65640000004861726402
:1057C00020617373657274004F7574206F66206D6D
:1057D000656D6F727900000052656C6561736500DC
:1057E000626F6F74325F773235713038300000008D
:1057F000322E312E310000007069636F000000000E
:10580000547572696E67466F72576F726B73686F0B
:1058100070000000466562202039203230323600A8
:1058200006005250D3F075425853012006005250E2
:10583000E182887F6053012006005250ABB3605371
:105840007053012006005250BBFF3CB67853012034
:1058500006005250861C030280530120060052505D
:105860005422A29D9453012005005250DE65F46835
:10587000987D0110666E692B00000000666E69005D
:105880006E616E00666E692D00000000305F0020C2
:10589000DE5E0020DE5E0020285F0020DE5E00204D
:1058A000DE5E0020DE5E0020DE5E0020DE5E002088
:1058B000DE5E0020DE5E0020205F0020DE5E002035
:1058C000185F0020DE5E0020DE5E0020105F0020FA
:1058D000EA600020465F0020E4600020465F002070
:1058E000FE600020465F0020465F0020465F0020EB
:1058F000465F0020465F0020465F0020465F002094
:10590000385F0020465F0020465F0020465F002091
:10591000465F0020465F0020385F0020486100207D
:10592000985E0020985E0020985E0020985E00201F
:10593000985E0020985E0020985E0020985E00200F
:10594000985E0020985E0020985E0020985E0020FF
:10595000985E0020985E0020985E0020985E0020EF
:10596000985E0020985E0020985E0020985E0020DF
:10597000985E0020985E0020985E0020985E0020CF
:10598000985E0020985E0020985E0020985E0020BF
:10599000985E0020985E0020985E0020A4600020A1
:1059A00014610020A4600020985E0020985E002012
:1059B000985E0020985E0020985E0020985E00208F
:1059C000985E0020985E0020985E0020985E00207F
:1059D000985E0020985E0020985E0020985E00206F
:1059E000985E0020985E002032630020985E0020C0
:1059F000985E0020985E0020985E0020985E00204F
:105A0000985E0020985E0020985E0020985E00203E
:105A1000326300205A61002032630020A46000201D
:105A200014610020A4600020000000000000F03F8E
:105A30000000000000002440000000000000594069
:105A40000000000000408F40000000000088C340BC
:105A500000000000006AF8400000000080842E4131
:105A600000000000D01263410000000084D797417D
:105A70000000000065CDCD410D0A0000556E686143
:105A80006E646C65642049525120307825780A0094
:105A9000657020253032582077617320616C726503
:105AA00061647920617661696C61626C65000000F7
:105AB00043616E277420636F6E74696E756520781C
:105AC000666572206F6E20696E6163746976652009
:105AD0006570202530325800007300205C7400206F
:105AE000E4740020347400204674002024740020E4
:105AF000A07300204C730020407300201478002015
:105B0000FA770020127400203478002012740020EC
:105B1000E2770020CE77002012740020BA770020B0
:105B2000CA76002012740020927A0020847A002025
:105B3000787A00201274002012740020627A00200B
:105B4000847A002012740020127400201274002045
:105B500012740020127400201274002012740020AD
:105B60001C7A00205E4E01205E4E0120A84E0120CE
:105B7000C84E0120064F0120184F0120544E01202D
:105B800000000000118100206D8100209D81002017
:105B9000C1810020ED820020F18200200000000081
:105BA0004E6F20444D41206368616E6E656C7320BA
:105BB00061726520617661696C61626C65000000EC
:105BC0004C4544000900525000000002405701209B
:105BD0004E395F5F676E755F6378783230726563E8
:105BE0007572736976655F696E69745F6572726FED
:105BF00072450000D0570120505701209C580120C9
:105C00000000000074570120F59100200992002047
:105C1000B19500204E31305F5F63787861626976BC
:105C20003132305F5F73695F636C6173735F747986
:105C300070655F696E666F4500000000D0570120F7
:105C4000945701203058012000000000BC5701206B
:105C50003192002045920020499300204993002072
:105C6000519400207D9300202193002099920020E0
:105C700061920020537439747970655F696E666F44
:105C80000000000044580120F45701204E31305FDD
:105C90005F637878616269763131375F5F636C6129
:105CA00073735F747970655F696E666F450000009D
:105CB000D05701200C58012004580120000000009A
:105CC00030580120C5930020D9930020499300202B
:105CD00049930020519400207D93002035940020AA
:105CE000F5930020B19300207374643A3A657863A9
:105CF000657074696F6E00007374643A3A6261642F
:105D00005F657863657074696F6E00005374396500
:105D10007863657074696F6E00000000445801205C
:105D20008C580120537431336261645F6578636518
:105D30007074696F6E000000D0570120A4580120D4
:105D40009C5801204E31305F5F63787861626976DC
:105D50003131355F5F666F726365645F756E776959
:105D60006E64450044580120C45801204E31305F14
:105D70005F637878616269763131395F5F666F722F
:105D80006569676E5F657863657074696F6E4500FD
:105D900044580120EC58012000000000B8580120B0
:105DA000AD950020C1950020B99500207465726DF5
:105DB000696E6174652063616C6C656420726563F3
:105DC0007572736976656C790A0000007465726D8E
:105DD000696E6174652063616C6C656420616674D2
:105DE0006572207468726F77696E6720616E2069D2
:105DF0006E7374616E6365206F662027000000007B
:105E0000270A00007465726D696E617465206361B4
:105E10006C6C656420776974686F757420616E209E
:105E200061637469766520657863657074696F6E07
:105E30000A00000020207768617428293A20200099
:105E40007C980020FC980020F8980020C49800203E
:105E5000F89800207C9800207C98002078980020FA
:105E6000FC980020649A0020749A0020749A002004
:105E7000749A00206A9A0020649A0020649A002094
:105E8000669A0020669A0020749A0020749A002076
:105E9000749A0020749A0020749A0020749A00204A
:105EA000749A0020749A0020749A0020749A00203A
:105EB000749A0020749A0020749A0020749A00202A
:105EC000749A0020649A0020749A0020749A00202A
:105ED000749A0020749A0020749A0020749A00200A
:105EE000749A0020749A0020749A0020749A0020FA
:105EF000949A0020949A0020749A0020749A0020AA
:105F0000649A0020749A0020749A0020749A0020E9
:105F1000749A00205E9A0020749A0020749A0020DF
:105F2000749A0020749A0020749A0020649A0020C9
:105F3000669A0020749A0020749A0020749A0020B7
:105F4000749A0020749A0020749A0020749A002099
:105F5000749A0020749A0020749A0020749A002089
:105F6000749A0020749A0020749A0020649A002089
:105F7000649A0020749A00205E9A00205E9A0020A5
:105F80005E9A00205E9A0020649A0020749A002095
:105F9000749A0020749A0020749A0020749A002049
:105FA000749A0020749A0020749A00206E9C00203D
:105FB0005C9C00205C9C00205C9C00205C9C002081
:105FC0008A9C00206E9C0020689C0020689C002019
:105FD000256400005F474C4F42414C5F00000000C9
:105FE00028616E6F6E796D6F7573206E616D65736C
:105FF00070616365290000006175746F0000000026
:106000006465636C74797065286175746F2900002C
:106010005EA100205EA100205EA100205EA1002004
:106020005EA100205EA100205EA100205EA10020F4
:106030005EA100205EA100205AA100205AA10020EC
:106040005AA100205AA100205AA100205AA10020E4
:106050005AA100200EA300205AA10020CAA10020AE
:10606000AAA100205AA100209EA10020C2A20020C7
:106070005AA100205AA100205AA100205AA10020B4
:106080005AA1002088A300205EA10020A6A2002023
:106090008AA200205AA100206EA200203CA200206B
:1060A000E6A10020DEA200205AA100205AA1002073
:1060B0005AA100205AA100205EA1002000A40020C7
:1060C0005AA100205AA100205AA100205AA1002064
:1060D0005AA100205AA100205AA100205AA1002054
:1060E0005AA100205AA100205AA100205AA1002044
:1060F0005AA10020C4A300205AA100205AA10020C8
:106100005AA100205AA100205AA100205AA1002023
:106110005AA100205AA100205AA100205AA1002013
:106120005AA100205AA1002092A400205AA10020C8
:1061300068A400206EA6002040A60020EAA400204B
:106140005AA10020BCA4002012A600205AA10020C1
:106150005AA100205AA100205AA10020E4A5002045
:106160005AA10020CCA500205AA100205AA100204D
:106170009EA50020C4A3002070A5002018A5002023
:10618000F2AB0020AAAB0020EEAB0020F6AB002063
:10619000EAAB0020E6AB00206465636C747970653F
:1061A000286E756C6C707472290000004CAF002072
:1061B0004CAF00204CAF00204CAF00204CAF002073
:1061C0004CAF00204CAF00204CAF00204CAF002063
:1061D0004CAF002042AF002042AF002042AF002071
:1061E00042AF002042AF002042AF002042AF00206B
:1061F00042AF002042AF00204CAF0020C0AF0020D3
:1062000044AF002042AF002042AF002042AF002048
:10621000ACAF002042AF002042AF00204CAF0020C6
:106220009EAF002042AF002042AF002042AF0020CE
:1062300042AF002042AF00207EAF00200CAF002014
:106240004CAF002042AF002042AF002042AF002000
:1062500042AF002042AF002042AF002042AF0020FA
:1062600042AF002042AF002042AF002042AF0020EA
:106270004CAF00204CAF00204CAF00204CAF0020B2
:106280004CAF00204CAF00204CAF00204CAF0020A2
:106290004CAF00204CAF00204CAF00204CAF002092
:1062A0004CAF00204CAF00204CAF00204CAF002082
:1062B0004CAF00204CAF00204CAF00204CAF002072
:1062C0004CAF00204CAF00204CAF00204CAF002062
:1062D0004CAF00204CAF00205EBA0020B6B70020C3
:1062E00024BA0020B6B70020B6B7002070BA00204C
:1062F000B6B70020B4B9002000BA0020EEB90020E3
:10630000B6B70020B6B70020B6B70020B6B7002059
:10631000B6B70020B6B70020B6B70020B6B7002049
:1063200012BA00202CB90020B6B70020D8B900203E
:10633000C6B90020B6B70020B6B70020B6B7002017
:10634000B6B70020B6B70020B6B70020B6B7002019
:10635000B6B70020B6B70020B6B70020B6B7002009
:1063600074B90020B6B70020B6B70020B6B7002039
:10637000B6B7002042B90020B6B70020B6B700205B
:10638000B6B70020B6B70020B6B70020B6B70020D9
:10639000B6B70020B6B70020B6B70020B6B70020C9
:1063A000B6B70020B6B70020B6B70020FAB8002074
:1063B000737472696E67206C69746572616C000039
:1063C000737464005B6162693A0000003A3A00004D
:1063D0007B64656661756C742061726723000000E0
:1063E0007D3A3A006175746F3A00000074656D7013
:1063F0006C61746520706172616D65746572206F87
:10640000626A65637420666F722000007674616250
:106410006C6520666F72200056545420666F72209F
:1064200000000000636F6E737472756374696F6E41
:1064300020767461626C6520666F72200000000037
:106440002D696E2D0000000074797065696E666FAD
:1064500020666F722000000074797065696E666F47
:10646000206E616D6520666F722000007479706522
:10647000696E666F20666E20666F722000000000F5
:106480006E6F6E2D7669727475616C207468756EAE
:106490006B20746F20000000636F76617269616E1B
:1064A000742072657475726E207468756E6B2074DA
:1064B0006F2000006A61766120436C61737320660F
:1064C0006F72200067756172642076617269616223
:1064D0006C6520666F722000544C5320696E69749D
:1064E0002066756E6374696F6E20666F722000009F
:1064F000544C5320777261707065722066756E63BC
:1065000074696F6E20666F722000000072656665A8
:1065100072656E63652074656D706F72617279204B
:106520002300000068696464656E20616C696173B2
:1065300020666F72200000006E6F6E2D7472616EA7
:1065400073616374696F6E20636C6F6E6520666F34
:10655000722000005F536174200000005F4163639C
:10656000756D00005F467261637400002C200000AE
:106570006F70657261746F72000000006F706572F9
:1065800061746F72200000003E280000636C000000
:106590006978000071750000203A20006E65772050
:1065A00000000000756C00006C6C0000756C6C00E5
:1065B00066616C7365000000747275650000000010
:1065C0006A617661207265736F7572636520000081
:1065D0006465636C74797065202800002E2E2E008F
:1065E00074686973000000007B7061726D230000A5
:1065F000676C6F62616C20636F6E73747275637425
:106600006F7273206B6579656420746F20000000E1
:10661000676C6F62616C2064657374727563746F0C
:106620007273206B6579656420746F200000000030
:106630007B6C616D6264612800000000292300000A
:106640007B756E6E616D65642074797065230000E2
:10665000205B636C6F6E652000000000FAD40020A0
:10666000A0BF0020A0BF002044CB0020FAC700201C
:106670008CC70020E8D3002038CB00200ACB0020B4
:10668000A8CA00202ACA0020C8C9002066C9002064
:1066900004C900207ED100202EC50020CCC40020DB
:1066A0006AC4002008C40020A6C3002044C3002000
:1066B000E2C200202AC70020C8C6002084C80020EB
:1066C0005CBF00205CBF00205CBF002012BF002028
:1066D00012BF002012BF002012BF002012BF0020F6
:1066E00012BF002012BF002000C1002000C1002006
:1066F00012BF002012BF002092D40020BEC600208E
:1067000072C6002090C50020CAC00020C8CE00205C
:10671000CAC000204AC000204AC0002088D3002000
:1067200030D30020CAD200203ED2002096BF0020E5
:1067300032D40020FAD3002006D400201ECF00203F
:1067400096BF00200ACC002096BF002096BF0020F4
:10675000C8BF0020C8BF00205CCD0020FACC0020BC
:10676000EEC80020AECD002034CE002098CC002012
:10677000D2CD00201ED10020BED0002096BF002028
:106780005ED00020DED1002080C20020C4C10020E5
:106790005CC1002012BF0020F4CF002012BF0020F7
:1067A00012BF0020CCE20020C0E20020B4E20020B2
:1067B000A8E20020D8E20020207265737472696339
:1067C0007400000020766F6C6174696C65000000D5
:1067D00020636F6E73740000207472616E73616366
:1067E00074696F6E5F73616665000000206E6F658F
:1067F0007863657074000000207468726F77000021
:1068000026260000205F436F6D706C6578000000E5
:10681000205F496D6167696E617279003A3A2A00BA
:10682000205F5F766563746F72280000A8E900201E
:10683000C2E70020C2E70020C2E70020C2E7002034
:10684000C2E70020C2E70020C2E70020C2E7002024
:10685000C2E70020C2E70020C2E70020C2E7002014
:10686000C2E70020C2E70020C2E70020C2E7002004
:10687000C2E70020C2E70020C2E70020C2E70020F4
:10688000C2E70020D8E7002032E800208CE8002092
:10689000D8E7002032E800208CE8002042E9002000
:1068A0005EE900207EE9002048ED0020B2E90020EA
:1068B000D2E900202CEA002088EA0020C2E700206C
:1068C000C2E70020C2E70020C2E70020E4EA00207F
:1068D000C2E7002078EB0020C2E70020C2E70020DA
:1068E000C2E70020C2E70020C2E70020C2E7002084
:1068F000C2E70020C2E70020C2E70020C2E7002074
:10690000C2E70020C2E70020C2E70020C2E7002063
:10691000C2E70020C2E70020C2E70020C2E7002053
:10692000C2E70020C2E70020C2E70020C2E7002043
:10693000C2E70020C2E70020C2E70020C2E7002033
:10694000C2E70020C2E70020C2E70020C2E7002023
:10695000C2E70020C2E70020D8EB0020C2E70020F9
:1069600034EC0020E6E80020282E2E2E0000000047
:106970002E2E2E2900000000202E2E2E200000009A
:106980007374643A3A616C6C6F6361746F72000087
:10699000616C6C6F6361746F720000007374643AB1
:1069A0003A62617369635F737472696E67000000B5
:1069B00062617369635F737472696E6700000000DF
:1069C0007374643A3A737472696E67007374643AEC
:1069D0003A62617369635F737472696E673C63687E
:1069E00061722C207374643A3A636861725F7472E6
:1069F000616974733C636861723E2C207374643AFD
:106A00003A616C6C6F6361746F723C636861723E73
:106A1000203E00007374643A3A6973747265616D64
:106A2000000000007374643A3A62617369635F69DD
:106A300073747265616D3C636861722C2073746459
:106A40003A3A636861725F7472616974733C636837
:106A500061723E203E00000062617369635F69738A
:106A6000747265616D0000007374643A3A6F7374F8
:106A70007265616D000000007374643A3A6261737C
:106A800069635F6F73747265616D3C636861722CDA
:106A9000207374643A3A636861725F7472616974F6
:106AA000733C636861723E203E000000626173695E
:106AB000635F6F73747265616D0000007374643A94
:106AC0003A696F73747265616D0000007374643AA3
:106AD0003A62617369635F696F73747265616D3C7B
:106AE000636861722C207374643A3A636861725F00
:106AF0007472616974733C636861723E203E000089
:106B000062617369635F696F73747265616D0000C0
:106B1000614E0000263D0000615300003D00000072
:106B2000616100006164000026000000616E0000E9
:106B300061740000616C69676E6F66200000000080
:106B400061770000636F5F61776169742000000006
:106B5000617A000063630000636F6E73745F63614A
:106B60007374000028290000636D00002C000000F1
:106B7000636F00007E000000645600002F3D00009F
:106B8000645800005B2E2E2E5D3D00006461000005
:106B900064656C6574655B5D2000000064630000E3
:106BA00064796E616D69635F6361737400000000F6
:106BB000646500002A00000064690000646C000045
:106BC00064656C6574652000647300002E2A000003
:106BD00064740000647600002F00000064780000F8
:106BE000654F00005E3D0000656F00005E00000024
:106BF000657100003D3D0000664C000066520000DB
:106C0000666C000066720000676500003E3D000093
:106C100067730000677400005B5D00006C53000048
:106C20003C3C3D003C3D00006C6900006F706572AB
:106C300061746F72222220006C7300003C3C0000E3
:106C40006C7400003C0000006D4900002D3D000008
:106C50006D4C00002A3D00006D6900002D00000011
:106C60006D6C00006D6D00002D2D00006E61000048
:106C70006E65775B5D0000006E650000213D0000E1
:106C80006E740000210000006E7700006E657700D2
:106C90006F5200007C3D00006F6F00007C7C0000A4
:106CA0007C000000704C00002B3D0000706C000068
:106CB0002B000000706D00002D3E2A007070000057
:106CC0002B2B000070730000707400002D3E00003C
:106CD0003F000000724D0000253D0000725300008F
:106CE0003E3E3D00726300007265696E74657270AD
:106CF0007265745F6361737400000000726D000060
:106D000025000000727300003E3E0000735000003A
:106D100073697A656F662E2E2E000000735A00008C
:106D2000736300007374617469635F6361737400FB
:106D3000737300003C3D3E0073697A656F66200006
:106D4000737A0000747200007468726F770000003C
:106D5000747700007468726F772000007369676E43
:106D60006564206368617200626F6F6C00000000F0
:106D7000626F6F6C65616E00636861720000000095
:106D80006279746500000000646F75626C650000D4
:106D90006C6F6E6720646F75626C6500666C6F6106
:106DA000740000005F5F666C6F6174313238000000
:106DB000756E7369676E65642063686172000000B8
:106DC000696E7400756E7369676E656420696E74B0
:106DD00000000000756E7369676E65640000000056
:106DE0006C6F6E6700000000756E7369676E656496
:106DF000206C6F6E670000005F5F696E743132381F
:106E000000000000756E7369676E6564205F5F69DE
:106E10006E7431323800000073686F7274000000C5
:106E2000756E7369676E65642073686F72740000B5
:106E3000766F69640000000077636861725F7400B8
:106E40006C6F6E67206C6F6E67000000756E736903
:106E5000676E6564206C6F6E67206C6F6E670000F4
:106E6000646563696D616C33320000006465636959
:106E70006D616C3634000000646563696D616C316E
:106E80003238000068616C6600000000636861725F
:106E9000385F74006368617231365F74000000000F
:106EA0006368617233325F74000000007400000098
:106EB000405F012003000000405F0120030000004C
:106EC00000000000000000006100000000650120DB
:106ED0000E000000006501200E000000106501207A
:106EE00009000000620000001C6501201100000084
:106EF0001C65012011000000306501200C0000001D
:106F000073000000406501200B0000004C6501206B
:106F100046000000306501200C0000006900000000
:106F2000946501200C000000A465012031000000E0
:106F3000D86501200D0000006F000000E865012009
:106F40000C000000F8650120310000002C660120D3
:106F50000D000000640000003C6601200D000000F0
:106F60004C66012032000000806601200E00000007
:106F700090660120946601200200000002000000DB
:106F8000986601209C6601200100000002000000BC
:106F9000A0660120806301200200000002000000C2
:106FA000A4660120A8660120010000000100000085
:106FB000AC660120A866012001000000020000006C
:106FC000B0660120B4660120080000000100000046
:106FD000C0660120C4660120090000000100000015
:106FE000D0660120B4660120080000000100000006
:106FF000D4660120D86601200A00000002000000CB
:107000000C610120E4660120020000000200000083
:10701000E8660120EC66012001000000020000008B
:10702000F0660120F466012001000000010000006C
:10703000F8660120FC66012002000000020000004A
:107040000067012004670120060000000300000023
:107050000C670120106701200900000001000000FA
:107060001C670120206701200C00000002000000C6
:10707000306701203467012001000000010000009A
:10708000386701209C66012001000000020000001A
:107090003C6701204067012007000000010000005C
:1070A000486701204C670120020000000200000038
:1070B00050670120986801200100000002000000D4
:1070C0005467012058670120010000000200000001
:1070D0005C67012008670120020000000200000038
:1070E00060670120646701200200000002000000C8
:1070F000686701206C6701200100000002000000A9
:107100007067012074670120020000000200000087
:10711000786701205C61012003000000030000008B
:107120007C6701205C610120030000000300000077
:10713000806701205C610120030000000200000064
:10714000846701205C610120030000000200000050
:10715000886701208C670120020000000200000007
:10716000906701204C5F0120020000000100000038
:1071700094670120D4650120010000000200000096
:107180001061012098670120020000000200000049
:107190009C670120A067012003000000020000009E
:1071A00008530120A4670120020000000200000033
:1071B000A8670120AC6701200B000000010000005F
:1071C000B8670120BC670120020000000200000037
:1071D000C0670120C4670120010000000200000018
:1071E000C8670120CC6701200200000002000000F7
:1071F000D0670120D46701200200000002000000D7
:10720000D8670120DC6701200100000002000000B7
:10721000E067012034670120010000000200000047
:10722000E4670120E867012002000000010000007F
:10723000EC670120F067012005000000030000005A
:10724000F8670120FC670120020000000200000036
:10725000DC690120DC670120010000000100000062
:107260000068012004680120010000000100000006
:10727000086801200C6801200300000003000000E2
:1072800010680120146801200200000002000000C4
:10729000186801201C6801200200000002000000A4
:1072A0000C650120206801200100000002000000A0
:1072B000246801202868012002000000020000006C
:1072C0002C6801203068012001000000020000004D
:1072D000346801203868012003000000020000002B
:1072E0003C6801204068012002000000010000000D
:1072F0004468012030680120010000000100000006
:10730000486801204C6801200200000002000000D3
:1073100014610120506801200100000003000000FA
:10732000546801205868012002000000020000009B
:107330005C6801206068012003000000020000007A
:10734000646801206868012010000000020000004D
:107350007C6801208068012001000000020000001C
:1073600084680120886801200200000002000000FB
:107370008C680120906801200900000001000000D5
:107380009C680120906801200900000001000000B5
:10739000A0680120A46801200B000000020000008A
:1073A000B0680120B4680120030000000200000062
:1073B000E0660120B868012007000000010000001D
:1073C000C0680120B868012007000000010000002B
:1073D000C4680120C868012005000000000000000A
:1073E000D0680120D46801200600000001000000E0
:1073F000000000000000000000000000000000008D
:10740000DC6801200B000000DC6801200B0000009C
:1074100000000000E868012004000000F06801207E
:107420000700000007000000F868012004000000C9
:10743000006901200400000000000000086901202C
:107440000600000008690120060000000800000096
:10745000106901200B000000106901200B000000E2
:10746000080000001C690120050000001C690120C3
:107470000500000008000000246901200A00000047
:10748000246901200A000000080000003069012082
:107490000D000000306901200D0000000000000018
:1074A0004069012003000000406901200300000042
:1074B00001000000446901200C0000005469012013
:1074C00008000000020000000000000000000000B2
:1074D00000000000000000000000000060690120C2
:1074E00004000000606901200400000003000000A7
:1074F000686901200D000000686901200D0000008E
:10750000040000007869012008000000786901206B
:107510000800000000000000846901201100000044
:10752000846901201100000000000000000000003C
:10753000000000000000000000000000000000004B
:10754000000000000000000000000000000000003B
:10755000000000000000000000000000000000002B
:1075600000000000000000009869012005000000F4
:10757000986901200500000000000000A0690120BA
:107580000E000000A06901200E00000000000000B5
:1075900000000000000000000000000000000000EB
:1075A00000000000B069012004000000B069012063
:1075B0000400000009000000B86901200700000075
:1075C000F86801200400000000000000C0690120EC
:1075D00009000000606901200400000005000000AF
:1075E000CC69012012000000CC69012012000000CB
:1075F000060000005C610120030000005C610120C6
:107600000300000000000000E06901200900000004
:10761000E06901200900000000000000EC69012081
:1076200009000000EC6901200900000000000000D2
:10763000F86901200A000000F86901200A00000032
:1076400000000000046A012004000000046A012018
:1076500004000000080000000C6A01200700000080
:107660000C6A01200700000000000000146A0120DD
:1076700008000000146A012008000000000000005B
:10768000206A012008000000206A01200800000094
:1076900000000000185D012011000000185D0120AD
:1076A0001100000000000000E4020120920301200C
:1076B00044030120E40201202A030120BC0301202D
:1076C000BC030120BC030120BC0301206003012096
:1076D00050030120E40201202A0301207812012036
:1076E000F412012048140120A61201207613012073
:1076F0005E120120BE180120661801203E180120EC
:107700002A180120181801200000000008000000BD
:10771000010000000000040000000400010000005F
:1077200060520120405201204C5201205852012049
:107730001000000000000000000000000000000039
:107740000000000000000000C080012000000000D8
:107750000000010000000000000000000000020026
:107760000000000000000000000003000000000016
:10777000000000000000FF000000000001B54868A4
:1077800001318E460047704609380149884701BDDE
:107790002D3D00200000000000000000000000005F
:1077A000503300004C3300005433000052330000CB
:1077B0004D5300004D43000053340000433400009B
:1077C00070AA012010000C00000000000000000062
:1077D000000000000000000000000000FF000000AA
:1077E0000040044000000000E19500204597002083
:1077F000FFFFFFFF0000020000000000000000008B
:107800007873012078730120807301208073012038
:1078100088730120887301209073012090730120E8
:107820009873012098730120A0730120A073012098
:10783000A8730120A8730120B0730120B073012048
:10784000B8730120B8730120C0730120C0730120F8
:10785000C8730120C8730120D0730120D0730120A8
:10786000D8730120D8730120E0730120E073012058
:10787000E8730120E8730120F0730120F073012008
:10788000F8730120F87301200074012000740120B6
:107890000874012008740120107401201074012064
:1078A0001874012018740120207401202074012014
:1078B00028740120287401203074012030740120C4
:1078C0003874012038740120407401204074012074
:1078D0004874012048740120507401205074012024
:1078E00058740120587401206074012060740120D4
:1078F0006874012068740120707401207074012084
:107900007874012078740120807401208074012033
:1079100088740120887401209074012090740120E3
:107920009874012098740120A0740120A074012093
:10793000A8740120A8740120B0740120B074012043
:10794000B8740120B8740120C0740120C0740120F3
:10795000C8740120C8740120D0740120D0740120A3
:10796000D8740120D8740120E0740120E074012053
:10797000E8740120E8740120F0740120F074012003
:10798000F8740120F87401200075012000750120B1
:10799000087501200875012010750120107501205F
:1079A000187501201875012020750120207501200F
:1079B00028750120287501203075012030750120BF
:1079C000387501203875012040750120407501206F
:1079D000487501204875012050750120507501201F
:1079E00058750120587501206075012060750120CF
:1079F000687501206875012070750120707501207F
:107A0000787501207875012080750120807501202E
:107A100088750120887501209075012090750120DE
:107A20009875012098750120A0750120A07501208E
:107A3000A8750120A8750120B0750120B07501203E
:107A4000B8750120B8750120C0750120C0750120EE
:107A5000C8750120C8750120D0750120D07501209E
:107A6000D8750120D8750120E0750120E07501204E
:107A7000E8750120E8750120F0750120F0750120FE
:107A8000F8750120F87501200076012000760120AC
:107A9000087601200876012010760120107601205A
:107AA000187601201876012020760120207601200A
:107AB00028760120287601203076012030760120BA
:107AC000387601203876012040760120407601206A
:107AD000487601204876012050760120507601201A
:107AE00058760120587601206076012060760120CA
:107AF000687601206876012070760120707601207A
:107B00007876012078760120807601208076012029
:107B100088760120887601209076012090760120D9
:107B20009876012098760120A0760120A076012089
:107B3000A8760120A8760120B0760120B076012039
:107B4000B8760120B8760120C0760120C0760120E9
:107B5000C8760120C8760120D0760120D076012099
:107B6000D8760120D8760120E0760120E076012049
:107B7000E8760120E8760120F0760120F0760120F9
:107B8000F8760120F87601200077012000770120A7
:107B90000877012008770120107701201077012055
:107BA0001877012018770120207701202077012005
:107BB00028770120287701203077012030770120B5
:107BC0003877012038770120407701204077012065
:107BD0004877012048770120507701205077012015
:107BE00058770120587701206077012060770120C5
:107BF0006877012068770120707701207077012075
:107C0000887701200000000000000000ECA60120A1
:107C100054A70120BCA701200000000000000000C4
:107C20000000000000000000000000000000000054
:107C30000000000000000000000000000000000044
:107C40000000000000000000000000000000000034
:107C50000000000000000000000000000000000024
:107C60000000000000000000000000000000000014
:107C70000000000000000000000000000000000004
:107C800000000000000000000000000000000000F4
:107C900000000000000000000000000000000000E4
:107CA00001000000000000000E33CDAB34126DE681
:107CB000ECDE05000B0000000000000000000000EA
:107CC00000000000000000000000000000000000B4
:107CD00000000000000000000000000000000000A4
:107CE0000000000000000000000000000000000094
:107CF0000000000000000000000000000000000084
:107D00000000000000000000000000000000000073
:107D10000000000000000000000000000000000063
:107D20000000000000000000000000000300000050
:107D3000ECA60120ACA6012000000000000000001D
:107D40000000000000000000654200209142002079
:107D5000DD43002049530020714A002005520020D5
:107D600005430020AD420020CD420020E14200202A
:107D7000F13D0020E9420020793300200542002037
:107D80009D380020CD360120ED000020F92D002087
:087D900081950020A5020120ED
:04000005100001E9FD
:00000001FF
